key_path,value,namespace,section,duplicate_count,classification,phase_a_remappable,proposed_new_key
nether.common.1_column,1 column,nether,common,2,Merge Candidate,no,
nether.common.2_columns,2 columns,nether,common,2,Merge Candidate,no,
nether.common.accessibility_label,Accessibility label,nether,common,2,Merge Candidate,no,
nether.common.accordion,Accordion,nether,common,2,Merge Candidate,no,
nether.common.accordion_icon,Accordion icon,nether,common,1,Section-specific,no,
nether.common.accordion_reveal,Accordion reveal,nether,common,1,Section-specific,no,
nether.common.adapt,Adapt,nether,common,2,Merge Candidate,no,
nether.common.adapt_to_image,Adapt to image,nether,common,2,Merge Candidate,no,
nether.common.analytics_event_name,Analytics event name,nether,common,1,Section-specific,no,
nether.common.animation_speed,Animation speed,nether,common,2,Merge Candidate,no,
nether.common.animation_style,Animation style,nether,common,2,Merge Candidate,no,
nether.common.answer,Answer,nether,common,1,Section-specific,no,
nether.common.arch,Arch,nether,common,2,Shared (excluded — merchant/content/info/preset),no,
nether.common.arrow,Arrow,nether,common,2,Merge Candidate,no,
nether.common.article_link,Article link,nether,common,1,Section-specific,no,
nether.common.author,Author,nether,common,2,Merge Candidate,no,
nether.common.author_image,Author image,nether,common,1,Section-specific,no,
nether.common.author_name,Author name,nether,common,1,Section-specific,no,
nether.common.author_title,Author title,nether,common,2,Merge Candidate,no,
nether.common.automatic,Automatic,nether,common,1,Section-specific,no,
nether.common.award,Award,nether,common,1,Section-specific,no,
nether.common.award_image,Award image,nether,common,1,Section-specific,no,
nether.common.awards_and_recognition,Awards & recognition,nether,common,1,Section-specific,no,
nether.common.background_blur,Background blur,nether,common,2,Merge Candidate,no,
nether.common.background_image,Background image,nether,common,2,Merge Candidate,no,
nether.common.background_image_cta,Background image CTA,nether,common,1,Section-specific,no,
nether.common.background_style,Background style,nether,common,2,Merge Candidate,no,
nether.common.background_video,Background video,nether,common,2,Merge Candidate,no,
nether.common.background_video_cta,Background video CTA,nether,common,1,Section-specific,no,
nether.common.badge_1_image,Badge 1 image,nether,common,2,Merge Candidate,no,
nether.common.badge_1_label,Badge 1 label,nether,common,2,Merge Candidate,no,
nether.common.badge_1_type,Badge 1 type,nether,common,2,Merge Candidate,no,
nether.common.badge_2_image,Badge 2 image,nether,common,2,Merge Candidate,no,
nether.common.badge_2_label,Badge 2 label,nether,common,2,Merge Candidate,no,
nether.common.badge_2_type,Badge 2 type,nether,common,2,Merge Candidate,no,
nether.common.badge_3_image,Badge 3 image,nether,common,2,Merge Candidate,no,
nether.common.badge_3_label,Badge 3 label,nether,common,2,Merge Candidate,no,
nether.common.badge_3_type,Badge 3 type,nether,common,2,Merge Candidate,no,
nether.common.badge_4_image,Badge 4 image,nether,common,2,Merge Candidate,no,
nether.common.badge_4_label,Badge 4 label,nether,common,2,Merge Candidate,no,
nether.common.badge_4_type,Badge 4 type,nether,common,2,Merge Candidate,no,
nether.common.badge_image,Badge image,nether,common,2,Merge Candidate,no,
nether.common.badge_label,Badge label,nether,common,2,Merge Candidate,no,
nether.common.badge_style,Badge style,nether,common,2,Merge Candidate,no,
nether.common.badge_type,Badge type,nether,common,2,Merge Candidate,no,
nether.common.banner_height,Banner height,nether,common,1,Section-specific,no,
nether.common.banner_layout,Banner layout,nether,common,1,Section-specific,no,
nether.common.best_sellers,Best sellers,nether,common,2,Merge Candidate,no,
nether.common.bestseller,Bestseller,nether,common,1,Section-specific,no,
nether.common.blob,Blob,nether,common,2,Shared (excluded — merchant/content/info/preset),no,
nether.common.body,Body,nether,common,3,Shared (excluded — merchant/content/info/preset),no,
nether.common.body_large,Body large,nether,common,2,Merge Candidate,no,
nether.common.bottom,Bottom,nether,common,3,Shared (excluded — merchant/content/info/preset),no,
nether.common.bottom_center,Bottom center,nether,common,2,Merge Candidate,no,
nether.common.bottom_divider,Bottom divider,nether,common,2,Merge Candidate,no,
nether.common.bottom_left,Bottom left,nether,common,3,Shared (excluded — merchant/content/info/preset),no,
nether.common.bottom_right,Bottom right,nether,common,3,Shared (excluded — merchant/content/info/preset),no,
nether.common.bottom_section_divider,Bottom section divider,nether,common,1,Section-specific,no,
nether.common.box,Box,nether,common,2,Merge Candidate,no,
nether.common.brand,Brand,nether,common,2,Merge Candidate,no,
nether.common.brand_logo,Brand logo,nether,common,1,Section-specific,no,
nether.common.brand_logos,Brand logos,nether,common,1,Section-specific,no,
nether.common.brand_story,Brand story,nether,common,2,Merge Candidate,no,
nether.common.bulk,Bulk,nether,common,2,Shared (excluded — merchant/content/info/preset),no,
nether.common.bundle_products,Bundle products,nether,common,2,Merge Candidate,no,
nether.common.bundle_strategy,Bundle strategy,nether,common,2,Merge Candidate,no,
nether.common.button,Button,nether,common,4,Shared (excluded — merchant/content/info/preset),no,
nether.common.button_1_label,Button 1 label,nether,common,2,Merge Candidate,no,
nether.common.button_1_link,Button 1 link,nether,common,2,Merge Candidate,no,
nether.common.button_1_style,Button 1 style,nether,common,2,Merge Candidate,no,
nether.common.button_2_label,Button 2 label,nether,common,2,Merge Candidate,no,
nether.common.button_2_link,Button 2 link,nether,common,2,Merge Candidate,no,
nether.common.button_2_style,Button 2 style,nether,common,2,Merge Candidate,no,
nether.common.button_label,Button label,nether,common,9,Shared (excluded — merchant/content/info/preset),no,
nether.common.button_link,Button link,nether,common,2,Merge Candidate,no,
nether.common.button_reveal_animation,Button reveal animation,nether,common,1,Section-specific,no,
nether.common.button_size,Button size,nether,common,2,Merge Candidate,no,
nether.common.button_style,Button style,nether,common,2,Merge Candidate,no,
nether.common.buttons,Buttons,nether,common,7,Shared (excluded — merchant/content/info/preset),no,
nether.common.buy_box,Buy box,nether,common,1,Section-specific,no,
nether.common.callout_card,Callout card,nether,common,1,Section-specific,no,
nether.common.callout_style,Callout style,nether,common,1,Section-specific,no,
nether.common.caption,Caption,nether,common,5,Shared (excluded — merchant/content/info/preset),no,
nether.common.capture_mode,Capture mode,nether,common,1,Section-specific,no,
nether.common.card,Card,nether,common,5,Shared (excluded — merchant/content/info/preset),no,
nether.common.card_caption,Card caption,nether,common,2,Merge Candidate,no,
nether.common.card_description,Card description,nether,common,2,Merge Candidate,no,
nether.common.card_grid,Card grid,nether,common,1,Section-specific,no,
nether.common.card_heading,Card heading,nether,common,2,Merge Candidate,no,
nether.common.card_image,Card image,nether,common,2,Merge Candidate,no,
nether.common.card_link,Card link,nether,common,1,Section-specific,no,
nether.common.card_radius,Card radius,nether,common,2,Merge Candidate,no,
nether.common.card_reveal,Card reveal,nether,common,1,Section-specific,no,
nether.common.card_reveal_animation,Card reveal animation,nether,common,1,Section-specific,no,
nether.common.card_shadow,Card shadow,nether,common,2,Merge Candidate,no,
nether.common.card_style,Card style,nether,common,2,Merge Candidate,no,
nether.common.carousel,Carousel,nether,common,2,Merge Candidate,no,
nether.common.carousel_testimonials,Carousel testimonials,nether,common,1,Section-specific,no,
nether.common.categorized_faq,Categorized FAQ,nether,common,1,Section-specific,no,
nether.common.category,Category,nether,common,1,Section-specific,no,
nether.common.category_heading,Category heading,nether,common,1,Section-specific,no,
nether.common.category_reveal,Category reveal,nether,common,1,Section-specific,no,
nether.common.category_slug,Category slug,nether,common,1,Section-specific,no,
nether.common.center,Center,nether,common,3,Shared (excluded — merchant/content/info/preset),no,
nether.common.centered,Centered,nether,common,2,Merge Candidate,no,
nether.common.centered_cta,Centered CTA,nether,common,1,Section-specific,no,
nether.common.centered_signup,Centered signup,nether,common,1,Section-specific,no,
nether.common.certification,Certification,nether,common,1,Section-specific,no,
nether.common.certification_image,Certification image,nether,common,1,Section-specific,no,
nether.common.chat,Chat,nether,common,1,Section-specific,no,
nether.common.chat_bubble,Chat bubble,nether,common,2,Merge Candidate,no,
nether.common.check,Check,nether,common,1,Section-specific,no,
nether.common.check_mark,Check mark,nether,common,2,Merge Candidate,no,
nether.common.checkmark,Checkmark,nether,common,2,Merge Candidate,no,
nether.common.chevron_left,Chevron left,nether,common,2,Shared (excluded — merchant/content/info/preset),no,
nether.common.chevron_right,Chevron right,nether,common,2,Shared (excluded — merchant/content/info/preset),no,
nether.common.classic,Classic,nether,common,2,Merge Candidate,no,
nether.common.classic_accordion,Classic accordion,nether,common,1,Section-specific,no,
nether.common.client_side_filter_today_optional_endpoint_url_prepares_futu,Client-side filter today. Optional endpoint URL prepares future AJAX search.,nether,common,1,Section-specific,no,
nether.common.collection,Collection,nether,common,6,Shared (excluded — merchant/content/info/preset),no,
nether.common.collection_products,Collection products,nether,common,1,Section-specific,no,
nether.common.collection_promotion,Collection promotion,nether,common,1,Section-specific,no,
nether.common.collection_promotion_cta,Collection promotion CTA,nether,common,1,Section-specific,no,
nether.common.color_scheme,Color scheme,nether,common,3,Shared (excluded — merchant/content/info/preset),no,
nether.common.comma_separated_lift_shadow_zoom_scale_border_arrow_glow,"Comma-separated: lift, shadow, zoom, scale, border, arrow, glow",nether,common,2,Merge Candidate,no,
nether.common.compact,Compact,nether,common,2,Merge Candidate,no,
nether.common.company,Company,nether,common,1,Section-specific,no,
nether.common.complete_the_look,Complete the look,nether,common,2,Merge Candidate,no,
nether.common.consent_checkbox,Consent checkbox,nether,common,1,Section-specific,no,
nether.common.consent_label,Consent label,nether,common,1,Section-specific,no,
nether.common.consent_required,Consent required,nether,common,1,Section-specific,no,
nether.common.contact_card,Contact card,nether,common,1,Section-specific,no,
nether.common.contact_cta,Contact CTA,nether,common,1,Section-specific,no,
nether.common.content,Content,nether,common,13,Shared (excluded — merchant/content/info/preset),no,
nether.common.content_alignment,Content alignment,nether,common,2,Merge Candidate,no,
nether.common.content_position,Content position,nether,common,2,Merge Candidate,no,
nether.common.content_width,Content width,nether,common,2,Merge Candidate,no,
nether.common.counter,Counter,nether,common,3,Shared (excluded — merchant/content/info/preset),no,
nether.common.counter_reveal,Counter reveal,nether,common,1,Section-specific,no,
nether.common.cta_label,CTA label,nether,common,2,Merge Candidate,no,
nether.common.cta_link,CTA link,nether,common,2,Merge Candidate,no,
nether.common.cta_style,CTA style,nether,common,2,Merge Candidate,no,
nether.common.curated_bundle,Curated bundle,nether,common,2,Merge Candidate,no,
nether.common.custom,Custom,nether,common,3,Shared (excluded — merchant/content/info/preset),no,
nether.common.custom_badge_1,Custom badge 1,nether,common,2,Merge Candidate,no,
nether.common.custom_badge_2,Custom badge 2,nether,common,2,Merge Candidate,no,
nether.common.custom_badge_3,Custom badge 3,nether,common,2,Merge Candidate,no,
nether.common.custom_description,Custom description,nether,common,2,Merge Candidate,no,
nether.common.custom_future_ready,Custom (future-ready),nether,common,1,Section-specific,no,
nether.common.custom_html,Custom HTML,nether,common,5,Shared (excluded — merchant/content/info/preset),no,
nether.common.custom_image,Custom image,nether,common,2,Merge Candidate,no,
nether.common.custom_link,Custom link,nether,common,2,Merge Candidate,no,
nether.common.custom_mobile_image,Custom mobile image,nether,common,2,Merge Candidate,no,
nether.common.custom_spec_1_label,Custom spec 1 label,nether,common,1,Section-specific,no,
nether.common.custom_spec_1_value,Custom spec 1 value,nether,common,1,Section-specific,no,
nether.common.custom_spec_2_label,Custom spec 2 label,nether,common,1,Section-specific,no,
nether.common.custom_spec_2_value,Custom spec 2 value,nether,common,1,Section-specific,no,
nether.common.custom_spec_3_label,Custom spec 3 label,nether,common,1,Section-specific,no,
nether.common.custom_spec_3_value,Custom spec 3 value,nether,common,1,Section-specific,no,
nether.common.custom_title,Custom title,nether,common,2,Merge Candidate,no,
nether.common.customer_tags,Customer tags,nether,common,1,Section-specific,no,
nether.common.customer_testimonial,Customer testimonial,nether,common,1,Section-specific,no,
nether.common.date,Date,nether,common,2,Merge Candidate,no,
nether.common.decorative_shapes,Decorative shapes,nether,common,2,Merge Candidate,no,
nether.common.default,Default,nether,common,3,Shared (excluded — merchant/content/info/preset),no,
nether.common.default_card_cta_label,Default card CTA label,nether,common,2,Merge Candidate,no,
nether.common.default_card_cta_style,Default card CTA style,nether,common,2,Merge Candidate,no,
nether.common.delivery_message,Delivery message,nether,common,1,Section-specific,no,
nether.common.description,Description,nether,common,4,Shared (excluded — merchant/content/info/preset),no,
nether.common.desktop_columns,Desktop columns,nether,common,2,Merge Candidate,no,
nether.common.desktop_image,Desktop image,nether,common,2,Merge Candidate,no,
nether.common.desktop_layout,Desktop layout,nether,common,2,Merge Candidate,no,
nether.common.diamond,Diamond,nether,common,2,Shared (excluded — merchant/content/info/preset),no,
nether.common.discount,Discount,nether,common,2,Merge Candidate,no,
nether.common.discount_signup,Discount signup,nether,common,1,Section-specific,no,
nether.common.displays_a_bundles_framework_extension_point_under_this_show,Displays a Bundles Framework extension point under this showcase. Add a Nether Bundles section for packs and gift sets.,nether,common,1,Section-specific,no,
nether.common.displays_a_future_ready_recommendations_framework_extension_,Displays a future-ready Recommendations Framework extension point under this showcase. Add a Nether Recommendations section for live product recommendations.,nether,common,1,Section-specific,no,
nether.common.divider,Divider,nether,common,2,Shared (excluded — merchant/content/info/preset),no,
nether.common.divider_style,Divider style,nether,common,2,Merge Candidate,no,
nether.common.dots,Dots,nether,common,3,Shared (excluded — merchant/content/info/preset),no,
nether.common.dramatic,Dramatic,nether,common,2,Merge Candidate,no,
nether.common.dual_cta_buttons,Dual CTA buttons,nether,common,1,Section-specific,no,
nether.common.early_access_waitlist,Early access / waitlist,nether,common,1,Section-specific,no,
nether.common.editorial,Editorial,nether,common,3,Shared (excluded — merchant/content/info/preset),no,
nether.common.editorial_cta,Editorial CTA,nether,common,1,Section-specific,no,
nether.common.editorial_emphasis,Editorial emphasis,nether,common,2,Merge Candidate,no,
nether.common.editorial_faq,Editorial FAQ,nether,common,1,Section-specific,no,
nether.common.editorial_grid,Editorial grid,nether,common,2,Merge Candidate,no,
nether.common.editorial_newsletter,Editorial newsletter,nether,common,1,Section-specific,no,
nether.common.editorial_testimonials,Editorial testimonials,nether,common,1,Section-specific,no,
nether.common.elevated,Elevated,nether,common,2,Merge Candidate,no,
nether.common.email_field,Email field,nether,common,1,Section-specific,no,
nether.common.email_label,Email label,nether,common,1,Section-specific,no,
nether.common.enable_analytics_hooks,Enable analytics hooks,nether,common,1,Section-specific,no,
nether.common.enable_category_navigation,Enable category navigation,nether,common,1,Section-specific,no,
nether.common.enable_compare_on_cards,Enable compare on cards,nether,common,2,Merge Candidate,no,
nether.common.enable_faq_search,Enable FAQ search,nether,common,1,Section-specific,no,
nether.common.enable_glass_card,Enable glass card,nether,common,2,Merge Candidate,no,
nether.common.enable_glass_panel,Enable glass panel,nether,common,2,Merge Candidate,no,
nether.common.enable_gradient_overlay,Enable gradient overlay,nether,common,2,Merge Candidate,no,
nether.common.enable_gradient_panel,Enable gradient panel,nether,common,1,Section-specific,no,
nether.common.enable_image_overlay,Enable image overlay,nether,common,2,Merge Candidate,no,
nether.common.enable_parallax,Enable parallax,nether,common,2,Merge Candidate,no,
nether.common.enable_quick_view_on_cards,Enable quick view on cards,nether,common,2,Merge Candidate,no,
nether.common.exclusive,Exclusive,nether,common,2,Merge Candidate,no,
nether.common.expand_all_items_by_default,Expand all items by default,nether,common,1,Section-specific,no,
nether.common.expand_first_item,Expand first item,nether,common,1,Section-specific,no,
nether.common.external_link,External link,nether,common,1,Section-specific,no,
nether.common.external_video_url,External video URL,nether,common,2,Merge Candidate,no,
nether.common.extra_extra_large,Extra extra large,nether,common,2,Shared (excluded — merchant/content/info/preset),no,
nether.common.extra_large,Extra large,nether,common,2,Shared (excluded — merchant/content/info/preset),no,
nether.common.eyebrow,Eyebrow,nether,common,6,Shared (excluded — merchant/content/info/preset),no,
nether.common.eyebrow_text,Eyebrow text,nether,common,2,Merge Candidate,no,
nether.common.fade,Fade,nether,common,2,Merge Candidate,no,
nether.common.fade_down,Fade down,nether,common,2,Merge Candidate,no,
nether.common.faq_item,FAQ item,nether,common,1,Section-specific,no,
nether.common.fast,Fast,nether,common,2,Merge Candidate,no,
nether.common.feature_1,Feature 1,nether,common,2,Merge Candidate,no,
nether.common.feature_1_icon,Feature 1 icon,nether,common,2,Merge Candidate,no,
nether.common.feature_2,Feature 2,nether,common,2,Merge Candidate,no,
nether.common.feature_2_icon,Feature 2 icon,nether,common,2,Merge Candidate,no,
nether.common.feature_3,Feature 3,nether,common,2,Merge Candidate,no,
nether.common.feature_3_icon,Feature 3 icon,nether,common,2,Merge Candidate,no,
nether.common.feature_4,Feature 4,nether,common,2,Merge Candidate,no,
nether.common.feature_4_icon,Feature 4 icon,nether,common,2,Merge Candidate,no,
nether.common.feature_list,Feature list,nether,common,2,Shared (excluded — merchant/content/info/preset),no,
nether.common.featured,Featured,nether,common,2,Merge Candidate,no,
nether.common.featured_collection,Featured collection,nether,common,5,Shared (excluded — merchant/content/info/preset),no,
nether.common.featured_product,Featured product,nether,common,3,Shared (excluded — merchant/content/info/preset),no,
nether.common.featured_products,Featured products,nether,common,2,Shared (excluded — merchant/content/info/preset),no,
nether.common.field_size,Field size,nether,common,1,Section-specific,no,
nether.common.first_button_label,First button label,nether,common,2,Merge Candidate,no,
nether.common.first_button_link,First button link,nether,common,2,Merge Candidate,no,
nether.common.first_button_style,First button style,nether,common,2,Merge Candidate,no,
nether.common.floating_card,Floating card,nether,common,1,Section-specific,no,
nether.common.floating_cards,Floating cards,nether,common,2,Merge Candidate,no,
nether.common.floating_content_card,Floating content card,nether,common,2,Merge Candidate,no,
nether.common.form_layout,Form layout,nether,common,1,Section-specific,no,
nether.common.form_reveal_animation,Form reveal animation,nether,common,1,Section-specific,no,
nether.common.framework_banner,Nether banner framework,nether,common,1,Section-specific,no,
nether.common.framework_cta,Nether CTA & conversion framework,nether,common,1,Section-specific,no,
nether.common.framework_faq,Nether FAQ & knowledge framework,nether,common,1,Section-specific,no,
nether.common.framework_newsletter,Nether Newsletter & lead generation framework,nether,common,1,Section-specific,no,
nether.common.framework_product,Nether product framework,nether,common,1,Section-specific,no,
nether.common.framework_testimonials,Nether testimonials framework,nether,common,1,Section-specific,no,
nether.common.free_shipping,Free shipping,nether,common,2,Merge Candidate,no,
nether.common.frequently_bought_together,Frequently bought together,nether,common,3,Shared (excluded — merchant/content/info/preset),no,
nether.common.frosted,Frosted,nether,common,2,Merge Candidate,no,
nether.common.full,Full,nether,common,2,Merge Candidate,no,
nether.common.full_quick_add_is_available_on_card_grid_and_minimal_layouts,Full quick add is available on card grid and minimal layouts. Overlay layouts link to the product page.,nether,common,1,Section-specific,no,
nether.common.full_width,Full width,nether,common,2,Merge Candidate,no,
nether.common.full_width_below_product,Full width below product,nether,common,1,Section-specific,no,
nether.common.future_ready_popup_integration_identifier,Future-ready popup integration identifier.,nether,common,1,Section-specific,no,
nether.common.gallery_reveal,Gallery reveal,nether,common,1,Section-specific,no,
nether.common.ghost,Ghost,nether,common,2,Merge Candidate,no,
nether.common.gift_set,Gift set,nether,common,2,Merge Candidate,no,
nether.common.glass,Glass,nether,common,2,Merge Candidate,no,
nether.common.glass_style,Glass style,nether,common,2,Merge Candidate,no,
nether.common.glow,Glow,nether,common,2,Merge Candidate,no,
nether.common.gradient,Gradient,nether,common,2,Merge Candidate,no,
nether.common.gradient_style,Gradient style,nether,common,2,Merge Candidate,no,
nether.common.grid,Grid,nether,common,4,Shared (excluded — merchant/content/info/preset),no,
nether.common.grid_gap,Grid gap,nether,common,2,Merge Candidate,no,
nether.common.grid_testimonials,Grid testimonials,nether,common,1,Section-specific,no,
nether.common.header_call_to_action,Call to action,nether,common,3,Shared (excluded — merchant/content/info/preset),no,
nether.common.header_color_scheme,Color scheme,nether,common,3,Shared (excluded — merchant/content/info/preset),no,
nether.common.header_content,Content,nether,common,13,Shared (excluded — merchant/content/info/preset),no,
nether.common.header_integrations,Integrations,nether,common,1,Section-specific,no,
nether.common.header_media,Media,nether,common,8,Shared (excluded — merchant/content/info/preset),no,
nether.common.header_motion,Motion,nether,common,15,Shared (excluded — merchant/content/info/preset),no,
nether.common.header_product_features,Product features,nether,common,1,Section-specific,no,
nether.common.header_responsive,Responsive layouts,nether,common,6,Shared (excluded — merchant/content/info/preset),no,
nether.common.header_section_media,Section media,nether,common,1,Section-specific,no,
nether.common.header_visual_features,Visual features,nether,common,5,Shared (excluded — merchant/content/info/preset),no,
nether.common.heading,Heading,nether,common,18,Shared (excluded — merchant/content/info/preset),no,
nether.common.heading_h2,H2,nether,common,2,Merge Candidate,no,
nether.common.heading_h3,H3,nether,common,2,Merge Candidate,no,
nether.common.heading_level,Heading level,nether,common,2,Merge Candidate,no,
nether.common.heading_size,Heading size,nether,common,3,Shared (excluded — merchant/content/info/preset),no,
nether.common.heart,Heart,nether,common,2,Merge Candidate,no,
nether.common.heavy,Heavy,nether,common,2,Merge Candidate,no,
nether.common.help_center,Help center,nether,common,1,Section-specific,no,
nether.common.helpful_link,Helpful link,nether,common,1,Section-specific,no,
nether.common.hidden_capture_note,Hidden capture note,nether,common,1,Section-specific,no,
nether.common.highlight_1,Highlight 1,nether,common,1,Section-specific,no,
nether.common.highlight_2,Highlight 2,nether,common,1,Section-specific,no,
nether.common.highlight_3,Highlight 3,nether,common,1,Section-specific,no,
nether.common.highlight_4,Highlight 4,nether,common,1,Section-specific,no,
nether.common.highlight_5,Highlight 5,nether,common,1,Section-specific,no,
nether.common.highlight_6,Highlight 6,nether,common,1,Section-specific,no,
nether.common.horizontal_scroll,Horizontal scroll,nether,common,2,Merge Candidate,no,
nether.common.hover_effect,Hover effect,nether,common,3,Shared (excluded — merchant/content/info/preset),no,
nether.common.hover_effects,Hover effects,nether,common,2,Merge Candidate,no,
nether.common.hover_reveal,Hover reveal,nether,common,2,Merge Candidate,no,
nether.common.hover_reveal_animation,Hover reveal animation,nether,common,1,Section-specific,no,
nether.common.html,HTML,nether,common,2,Merge Candidate,no,
nether.common.icon,Icon,nether,common,2,Merge Candidate,no,
nether.common.icon_1,Icon 1,nether,common,1,Section-specific,no,
nether.common.icon_2,Icon 2,nether,common,1,Section-specific,no,
nether.common.icon_3,Icon 3,nether,common,1,Section-specific,no,
nether.common.icon_4,Icon 4,nether,common,1,Section-specific,no,
nether.common.icon_color,Icon color,nether,common,1,Section-specific,no,
nether.common.icon_name,Icon name,nether,common,2,Merge Candidate,no,
nether.common.icon_size,Icon size,nether,common,2,Merge Candidate,no,
nether.common.image,Image,nether,common,8,Shared (excluded — merchant/content/info/preset),no,
nether.common.image_cta,Image CTA,nether,common,1,Section-specific,no,
nether.common.image_override,Image override,nether,common,1,Section-specific,no,
nether.common.image_ratio,Image ratio,nether,common,2,Merge Candidate,no,
nether.common.image_shape,Image shape,nether,common,2,Shared (excluded — merchant/content/info/preset),no,
nether.common.image_with_signup,Image with signup,nether,common,1,Section-specific,no,
nether.common.include_first_cart_product,Include first cart product,nether,common,1,Section-specific,no,
nether.common.info,Info,nether,common,1,Section-specific,no,
nether.common.info_animation_speed,Available when an animation style is active. Controls animation duration.,nether,common,1,Section-specific,no,
nether.common.info_animation_style,Entrance animation for this section. Choose None to disable motion here.,nether,common,1,Section-specific,no,
nether.common.info_aria_label,Optional accessible name announced by screen readers. Leave blank to use the heading.,nether,common,1,Section-specific,no,
nether.common.info_card_style,Visual treatment applied to cards in this section.,nether,common,1,Section-specific,no,
nether.common.info_collection_layout_only,Used for Collection layout — provides fallback image and link.,nether,common,1,Section-specific,no,
nether.common.info_content_alignment,"Aligns text and inline content left, center, or right.",nether,common,1,Section-specific,no,
nether.common.info_content_position,Places content inside the section frame using a nine-point grid.,nether,common,1,Section-specific,no,
nether.common.info_divider_style,Available when a top or bottom section divider is enabled.,nether,common,1,Section-specific,no,
nether.common.info_enable_glass,Applies a frosted glass surface to content panels.,nether,common,1,Section-specific,no,
nether.common.info_enable_gradient,Adds a branded gradient overlay for depth and text contrast.,nether,common,1,Section-specific,no,
nether.common.info_enable_overlay,Darkens media so text stays readable over imagery.,nether,common,1,Section-specific,no,
nether.common.info_floating_card,Lifts content onto an elevated floating panel.,nether,common,1,Section-specific,no,
nether.common.info_glass_style,Available when glass is enabled. Controls blur strength and translucency.,nether,common,1,Section-specific,no,
nether.common.info_gradient_style,Available when gradient is enabled. Changes overlay character.,nether,common,1,Section-specific,no,
nether.common.info_heading_level,Semantic heading tag for accessibility and SEO. Visual size is controlled separately.,nether,common,1,Section-specific,no,
nether.common.info_image_fields,Available when media type uses an image (including video fallbacks).,nether,common,1,Section-specific,no,
nether.common.info_image_ratio,Controls media crop ratio for cards and gallery items.,nether,common,1,Section-specific,no,
nether.common.info_layout,Chooses the primary composition. Layout-specific controls appear when relevant.,nether,common,1,Section-specific,no,
nether.common.info_media_type,"Choose image, video, or background video. Related media fields appear to match.",nether,common,1,Section-specific,no,
nether.common.info_overlay_opacity,Available when overlay is enabled. Higher values increase contrast.,nether,common,1,Section-specific,no,
nether.common.info_parallax,Subtle media parallax on scroll. Respects reduced-motion preferences.,nether,common,1,Section-specific,no,
nether.common.info_responsive_desktop,Optional desktop override. Default inherits the primary layout.,nether,common,1,Section-specific,no,
nether.common.info_responsive_mobile,Optional mobile override for phones.,nether,common,1,Section-specific,no,
nether.common.info_responsive_tablet,Optional tablet override for mid-width viewports.,nether,common,1,Section-specific,no,
nether.common.info_split_media_position,Applies to split compositions. Moves media to the left or right side.,nether,common,1,Section-specific,no,
nether.common.info_sticky_info_column,Sticky product info column paired with the media gallery (Dawn column sticky). Distinct from Nether sticky buy box.,nether,common,1,Section-specific,no,
nether.common.info_sticky_summary,Keeps the buy box / order summary sticky while scrolling on large screens.,nether,common,1,Section-specific,no,
nether.common.info_video_fields,Available when media type includes video.,nether,common,1,Section-specific,no,
nether.common.inherit,Inherit,nether,common,1,Section-specific,no,
nether.common.inline,Inline,nether,common,2,Merge Candidate,no,
nether.common.inline_video,Inline video,nether,common,1,Section-specific,no,
nether.common.integration_list_id,Integration list ID,nether,common,1,Section-specific,no,
nether.common.integration_provider,Integration provider,nether,common,1,Section-specific,no,
nether.common.issuer,Issuer,nether,common,1,Section-specific,no,
nether.common.klaviyo_future_ready,Klaviyo (future-ready),nether,common,1,Section-specific,no,
nether.common.knowledge_base,Knowledge base,nether,common,1,Section-specific,no,
nether.common.label_override,Label override,nether,common,1,Section-specific,no,
nether.common.large,Large,nether,common,3,Shared (excluded — merchant/content/info/preset),no,
nether.common.layout,Layout,nether,common,11,Shared (excluded — merchant/content/info/preset),no,
nether.common.lead_capture,Lead capture,nether,common,1,Section-specific,no,
nether.common.leaf,Leaf,nether,common,2,Merge Candidate,no,
nether.common.left,Left,nether,common,3,Shared (excluded — merchant/content/info/preset),no,
nether.common.lift,Lift,nether,common,2,Merge Candidate,no,
nether.common.light,Light,nether,common,2,Merge Candidate,no,
nether.common.lightning,Lightning,nether,common,2,Merge Candidate,no,
nether.common.limited,Limited,nether,common,1,Section-specific,no,
nether.common.line,Line,nether,common,2,Merge Candidate,no,
nether.common.link,Link,nether,common,2,Merge Candidate,no,
nether.common.link_label,Link label,nether,common,2,Merge Candidate,no,
nether.common.link_override,Link override,nether,common,1,Section-specific,no,
nether.common.link_url,Link URL,nether,common,1,Section-specific,no,
nether.common.list,List,nether,common,2,Merge Candidate,no,
nether.common.loads_compare_button_assets_for_product_showcase_cards_even_,Loads compare button assets for Product Showcase cards even when the header compare framework is off.,nether,common,1,Section-specific,no,
nether.common.lock,Lock,nether,common,2,Merge Candidate,no,
nether.common.logo_image,Logo image,nether,common,2,Merge Candidate,no,
nether.common.logo_label,Logo label,nether,common,1,Section-specific,no,
nether.common.logo_link,Logo link,nether,common,2,Merge Candidate,no,
nether.common.logo_reveal,Logo reveal,nether,common,1,Section-specific,no,
nether.common.loop_video,Loop video,nether,common,2,Merge Candidate,no,
nether.common.luxury_cta,Luxury CTA,nether,common,1,Section-specific,no,
nether.common.luxury_grid,Luxury grid,nether,common,2,Merge Candidate,no,
nether.common.magazine_layout,Magazine layout,nether,common,2,Merge Candidate,no,
nether.common.mailchimp_future_ready,Mailchimp (future-ready),nether,common,1,Section-specific,no,
nether.common.manual_products,Manual products,nether,common,1,Section-specific,no,
nether.common.masonry_layout,Masonry layout,nether,common,1,Section-specific,no,
nether.common.match_a_category_block_slug_for_navigation_filtering,Match a category block slug for navigation filtering.,nether,common,1,Section-specific,no,
nether.common.media_hover_interaction,Media hover interaction,nether,common,1,Section-specific,no,
nether.common.media_position,Media position,nether,common,2,Merge Candidate,no,
nether.common.media_type,Media type,nether,common,2,Merge Candidate,no,
nether.common.medium,Medium,nether,common,3,Shared (excluded — merchant/content/info/preset),no,
nether.common.merchant_authored_guidance_does_not_calculate_live_etas_from,Merchant-authored guidance. Does not calculate live ETAs from Shopify shipping.,nether,common,1,Section-specific,no,
nether.common.middle_center,Middle center,nether,common,2,Merge Candidate,no,
nether.common.middle_left,Middle left,nether,common,2,Merge Candidate,no,
nether.common.middle_right,Middle right,nether,common,2,Merge Candidate,no,
nether.common.minimal,Minimal,nether,common,3,Shared (excluded — merchant/content/info/preset),no,
nether.common.minimal_cta,Minimal CTA,nether,common,1,Section-specific,no,
nether.common.minimal_faq,Minimal FAQ,nether,common,1,Section-specific,no,
nether.common.minimal_layout,Minimal layout,nether,common,1,Section-specific,no,
nether.common.mix_and_match,Mix & match,nether,common,2,Merge Candidate,no,
nether.common.mobile_columns,Mobile columns,nether,common,2,Merge Candidate,no,
nether.common.mobile_image,Mobile image,nether,common,2,Merge Candidate,no,
nether.common.mobile_layout,Mobile layout,nether,common,8,Shared (excluded — merchant/content/info/preset),no,
nether.common.muted,Muted,nether,common,1,Section-specific,no,
nether.common.name_field,Name field,nether,common,1,Section-specific,no,
nether.common.name_label,Name label,nether,common,1,Section-specific,no,
nether.common.name_required,Name required,nether,common,1,Section-specific,no,
nether.common.narrow,Narrow,nether,common,2,Merge Candidate,no,
nether.common.nether_banner,Nether banner,nether,common,1,Section-specific,no,
nether.common.nether_brand_logos,Nether brand logos,nether,common,1,Section-specific,no,
nether.common.nether_card_grid,Nether card grid,nether,common,1,Section-specific,no,
nether.common.nether_collection_banner,Nether collection banner,nether,common,1,Section-specific,no,
nether.common.nether_cta,Nether CTA,nether,common,1,Section-specific,no,
nether.common.nether_early_access_waitlist,Nether early access waitlist,nether,common,1,Section-specific,no,
nether.common.nether_editorial_products,Nether editorial products,nether,common,1,Section-specific,no,
nether.common.nether_faq,Nether FAQ,nether,common,1,Section-specific,no,
nether.common.nether_glass_banner,Nether glass banner,nether,common,1,Section-specific,no,
nether.common.nether_help_center,Nether help center,nether,common,1,Section-specific,no,
nether.common.nether_luxury_cta,Nether luxury CTA,nether,common,1,Section-specific,no,
nether.common.nether_newsletter,Nether Newsletter,nether,common,1,Section-specific,no,
nether.common.nether_product_faq,Nether product FAQ,nether,common,1,Section-specific,no,
nether.common.nether_products,Nether products,nether,common,1,Section-specific,no,
nether.common.nether_promotion_cta,Nether promotion CTA,nether,common,1,Section-specific,no,
nether.common.nether_split_product,Nether split product,nether,common,1,Section-specific,no,
nether.common.nether_statistics,Nether statistics,nether,common,1,Section-specific,no,
nether.common.nether_testimonials,Nether testimonials,nether,common,1,Section-specific,no,
nether.common.nether_vip_membership,Nether VIP membership,nether,common,1,Section-specific,no,
nether.common.new,New,nether,common,2,Merge Candidate,no,
nether.common.new_arrivals,New arrivals,nether,common,2,Merge Candidate,no,
nether.common.newsletter_form,Newsletter form,nether,common,1,Section-specific,no,
nether.common.newsletter_signup,Newsletter signup,nether,common,1,Section-specific,no,
nether.common.none,None,nether,common,5,Shared (excluded — merchant/content/info/preset),no,
nether.common.numbers,Numbers,nether,common,3,Shared (excluded — merchant/content/info/preset),no,
nether.common.omnisend_future_ready,Omnisend (future-ready),nether,common,1,Section-specific,no,
nether.common.open_by_default,Open by default,nether,common,2,Merge Candidate,no,
nether.common.open_in_new_tab,Open in new tab,nether,common,1,Section-specific,no,
nether.common.optional_falls_back_to_desktop_image_when_blank,Optional. Falls back to desktop image when blank.,nether,common,2,Merge Candidate,no,
nether.common.optional_future_ajax_search_endpoint_leave_blank_for_client_,Optional future AJAX search endpoint. Leave blank for client-side filter.,nether,common,1,Section-specific,no,
nether.common.optional_used_for_collection_layout_provides_fallback_image_,Optional. Used for Collection layout — provides fallback image and link.,nether,common,1,Section-specific,no,
nether.common.organic,Organic,nether,common,2,Merge Candidate,no,
nether.common.outline,Outline,nether,common,2,Merge Candidate,no,
nether.common.overlay_opacity,Overlay opacity,nether,common,2,Merge Candidate,no,
nether.common.overrides_product_featured_image_when_set,Overrides product featured image when set.,nether,common,1,Section-specific,no,
nether.common.padlock,Padlock,nether,common,1,Section-specific,no,
nether.common.page_content,Page content,nether,common,1,Section-specific,no,
nether.common.pagination_style,Pagination style,nether,common,1,Section-specific,no,
nether.common.parallelogram,Parallelogram,nether,common,2,Shared (excluded — merchant/content/info/preset),no,
nether.common.payment_heading,Payment heading,nether,common,1,Section-specific,no,
nether.common.pill,Pill,nether,common,2,Merge Candidate,no,
nether.common.placeholder_text,Placeholder text,nether,common,1,Section-specific,no,
nether.common.plane,Plane,nether,common,2,Merge Candidate,no,
nether.common.popup_target_id,Popup target ID,nether,common,1,Section-specific,no,
nether.common.portrait,Portrait,nether,common,3,Shared (excluded — merchant/content/info/preset),no,
nether.common.poster_image,Poster image,nether,common,2,Merge Candidate,no,
nether.common.prefix,Prefix,nether,common,1,Section-specific,no,
nether.common.premium,Premium,nether,common,2,Merge Candidate,no,
nether.common.press_mention,Press mention,nether,common,1,Section-specific,no,
nether.common.press_mentions,Press mentions,nether,common,1,Section-specific,no,
nether.common.primary,Primary,nether,common,2,Merge Candidate,no,
nether.common.primary_button,Primary button,nether,common,1,Section-specific,no,
nether.common.primary_button_label,Primary button label,nether,common,2,Merge Candidate,no,
nether.common.primary_button_link,Primary button link,nether,common,2,Merge Candidate,no,
nether.common.primary_button_style,Primary button style,nether,common,2,Merge Candidate,no,
nether.common.primary_cta_button,Primary CTA button,nether,common,1,Section-specific,no,
nether.common.primary_heading_level,Primary heading level,nether,common,2,Merge Candidate,no,
nether.common.privacy_message,Privacy message,nether,common,1,Section-specific,no,
nether.common.product,Product,nether,common,3,Shared (excluded — merchant/content/info/preset),no,
nether.common.product_faq,Product FAQ,nether,common,1,Section-specific,no,
nether.common.product_highlight,Product highlight,nether,common,1,Section-specific,no,
nether.common.product_label,Product label,nether,common,1,Section-specific,no,
nether.common.product_pack,Product pack,nether,common,2,Merge Candidate,no,
nether.common.product_promotion,Product promotion,nether,common,1,Section-specific,no,
nether.common.product_promotion_cta,Product promotion CTA,nether,common,1,Section-specific,no,
nether.common.product_source,Product source,nether,common,1,Section-specific,no,
nether.common.products_to_show,Products to show,nether,common,2,Merge Candidate,no,
nether.common.promotion_aside_button_label,Promotion aside button label,nether,common,1,Section-specific,no,
nether.common.promotion_card,Promotion card,nether,common,1,Section-specific,no,
nether.common.promotional,Promotional,nether,common,1,Section-specific,no,
nether.common.promotional_card,Promotional card,nether,common,1,Section-specific,no,
nether.common.publication,Publication,nether,common,1,Section-specific,no,
nether.common.publication_logo,Publication logo,nether,common,1,Section-specific,no,
nether.common.px,px,nether,common,1,Section-specific,no,
nether.common.question,Question,nether,common,1,Section-specific,no,
nether.common.question_label,Question label,nether,common,1,Section-specific,no,
nether.common.question_mark,Question mark,nether,common,2,Merge Candidate,no,
nether.common.quick_add,Quick add,nether,common,2,Merge Candidate,no,
nether.common.quote,Quote,nether,common,3,Shared (excluded — merchant/content/info/preset),no,
nether.common.rating,Rating,nether,common,1,Section-specific,no,
nether.common.recently_added,Recently added,nether,common,1,Section-specific,no,
nether.common.related_question,Related question,nether,common,1,Section-specific,no,
nether.common.render_outside_form,Render outside form,nether,common,1,Section-specific,no,
nether.common.return,Return,nether,common,2,Merge Candidate,no,
nether.common.rich_text,Rich text,nether,common,5,Shared (excluded — merchant/content/info/preset),no,
nether.common.right,Right,nether,common,3,Shared (excluded — merchant/content/info/preset),no,
nether.common.role_position,Role / position,nether,common,1,Section-specific,no,
nether.common.round,Round,nether,common,2,Shared (excluded — merchant/content/info/preset),no,
nether.common.row,Row,nether,common,4,Shared (excluded — merchant/content/info/preset),no,
nether.common.ruler,Ruler,nether,common,2,Merge Candidate,no,
nether.common.sale,Sale,nether,common,1,Section-specific,no,
nether.common.scale,Scale,nether,common,4,Shared (excluded — merchant/content/info/preset),no,
nether.common.search_endpoint_url,Search endpoint URL,nether,common,1,Section-specific,no,
nether.common.search_placeholder,Search placeholder,nether,common,2,Merge Candidate,no,
nether.common.second_button_label,Second button label,nether,common,2,Merge Candidate,no,
nether.common.second_button_link,Second button link,nether,common,2,Merge Candidate,no,
nether.common.second_button_style,Second button style,nether,common,2,Merge Candidate,no,
nether.common.secondary,Secondary,nether,common,2,Merge Candidate,no,
nether.common.secondary_button,Secondary button,nether,common,1,Section-specific,no,
nether.common.secondary_button_label,Secondary button label,nether,common,2,Merge Candidate,no,
nether.common.secondary_button_link,Secondary button link,nether,common,2,Merge Candidate,no,
nether.common.secondary_button_style,Secondary button style,nether,common,2,Merge Candidate,no,
nether.common.secondary_cta_button,Secondary CTA button,nether,common,1,Section-specific,no,
nether.common.secure_checkout_text,Secure checkout text,nether,common,1,Section-specific,no,
nether.common.shadow,Shadow,nether,common,4,Shared (excluded — merchant/content/info/preset),no,
nether.common.shipping,Shipping,nether,common,1,Section-specific,no,
nether.common.shopify_customers,Shopify customers,nether,common,1,Section-specific,no,
nether.common.shopify_hosted_video,Shopify-hosted video,nether,common,3,Shared (excluded — merchant/content/info/preset),no,
nether.common.show_bundles_integration_note,Show bundles integration note,nether,common,2,Merge Candidate,no,
nether.common.show_coming_soon_badge,Show coming soon badge,nether,common,1,Section-specific,no,
nether.common.show_compare_on_cards,Show compare on cards,nether,common,1,Section-specific,no,
nether.common.show_consent_checkbox,Show consent checkbox,nether,common,1,Section-specific,no,
nether.common.show_expand_collapse_controls,Show expand / collapse controls,nether,common,1,Section-specific,no,
nether.common.show_low_stock_badge,Show low stock badge,nether,common,1,Section-specific,no,
nether.common.show_name_field,Show name field,nether,common,1,Section-specific,no,
nether.common.show_new_badge,Show new badge,nether,common,1,Section-specific,no,
nether.common.show_payment_methods,Show payment methods,nether,common,1,Section-specific,no,
nether.common.show_pre_order_badge,Show pre-order badge,nether,common,1,Section-specific,no,
nether.common.show_product_description,Show product description,nether,common,1,Section-specific,no,
nether.common.show_product_rating,Show product rating,nether,common,2,Merge Candidate,no,
nether.common.show_product_type,Show product type,nether,common,1,Section-specific,no,
nether.common.show_rating,Show rating,nether,common,2,Merge Candidate,no,
nether.common.show_recommendations_integration_note,Show recommendations integration note,nether,common,2,Merge Candidate,no,
nether.common.show_sale_badge,Show sale badge,nether,common,2,Merge Candidate,no,
nether.common.show_savings_amount,Show savings amount,nether,common,2,Merge Candidate,no,
nether.common.show_savings_from_compare_at_price,Show savings from compare-at price,nether,common,1,Section-specific,no,
nether.common.show_second_image,Show second image,nether,common,1,Section-specific,no,
nether.common.show_second_image_on_hover,Show second image on hover,nether,common,2,Merge Candidate,no,
nether.common.show_secure_checkout,Show secure checkout,nether,common,1,Section-specific,no,
nether.common.show_sku,Show SKU,nether,common,1,Section-specific,no,
nether.common.show_stock_status,Show stock status,nether,common,2,Merge Candidate,no,
nether.common.show_success_state,Show success state,nether,common,1,Section-specific,no,
nether.common.show_tags,Show tags,nether,common,1,Section-specific,no,
nether.common.show_vendor,Show vendor,nether,common,2,Merge Candidate,no,
nether.common.show_view_all_button,Show view all button,nether,common,2,Merge Candidate,no,
nether.common.show_wishlist_on_cards,Show wishlist on cards,nether,common,1,Section-specific,no,
nether.common.shows_the_premium_quick_view_trigger_on_product_showcase_car,Shows the Premium Quick View trigger on Product Showcase cards. Enable the quick view framework in the header for the modal.,nether,common,1,Section-specific,no,
nether.common.slant,Slant,nether,common,1,Section-specific,no,
nether.common.slide,Slide,nether,common,3,Shared (excluded — merchant/content/info/preset),no,
nether.common.slow,Slow,nether,common,2,Merge Candidate,no,
nether.common.small,Small,nether,common,3,Shared (excluded — merchant/content/info/preset),no,
nether.common.soft,Soft,nether,common,2,Merge Candidate,no,
nether.common.solid,Solid,nether,common,2,Merge Candidate,no,
nether.common.space,Space,nether,common,2,Merge Candidate,no,
nether.common.spacing_preset,Spacing preset,nether,common,1,Section-specific,no,
nether.common.spacious,Spacious,nether,common,2,Merge Candidate,no,
nether.common.split,Split,nether,common,2,Merge Candidate,no,
nether.common.split_cta,Split CTA,nether,common,1,Section-specific,no,
nether.common.split_layout,Split layout,nether,common,1,Section-specific,no,
nether.common.split_media_position,Split media position,nether,common,2,Merge Candidate,no,
nether.common.split_product,Split product,nether,common,1,Section-specific,no,
nether.common.square,Square,nether,common,3,Shared (excluded — merchant/content/info/preset),no,
nether.common.stack,Stack,nether,common,2,Shared (excluded — merchant/content/info/preset),no,
nether.common.stacked,Stacked,nether,common,2,Merge Candidate,no,
nether.common.stagger,Stagger,nether,common,2,Merge Candidate,no,
nether.common.standard,Standard,nether,common,6,Shared (excluded — merchant/content/info/preset),no,
nether.common.star,Star,nether,common,2,Merge Candidate,no,
nether.common.stat_1_label,Stat 1 label,nether,common,2,Merge Candidate,no,
nether.common.stat_1_value,Stat 1 value,nether,common,2,Merge Candidate,no,
nether.common.stat_2_label,Stat 2 label,nether,common,2,Merge Candidate,no,
nether.common.stat_2_value,Stat 2 value,nether,common,2,Merge Candidate,no,
nether.common.stat_3_label,Stat 3 label,nether,common,2,Merge Candidate,no,
nether.common.stat_3_value,Stat 3 value,nether,common,2,Merge Candidate,no,
nether.common.statistic,Statistic,nether,common,1,Section-specific,no,
nether.common.statistics,Statistics,nether,common,3,Shared (excluded — merchant/content/info/preset),no,
nether.common.statistics_layout,Statistics layout,nether,common,1,Section-specific,no,
nether.common.sticky_buy_box,Sticky buy box (Nether),nether,common,2,Merge Candidate,no,
nether.common.sticky_info_column,Sticky info column (gallery),nether,common,1,Section-specific,no,
nether.common.sticky_purchase,Sticky purchase,nether,common,1,Section-specific,no,
nether.common.stopwatch,Stopwatch,nether,common,2,Merge Candidate,no,
nether.common.style,Style,nether,common,5,Shared (excluded — merchant/content/info/preset),no,
nether.common.subheading,Subheading,nether,common,6,Shared (excluded — merchant/content/info/preset),no,
nether.common.subheading_size,Subheading size,nether,common,2,Merge Candidate,no,
nether.common.submit_button_label,Submit button label,nether,common,1,Section-specific,no,
nether.common.submit_button_style,Submit button style,nether,common,1,Section-specific,no,
nether.common.subtitle,Subtitle,nether,common,2,Merge Candidate,no,
nether.common.subtle_media_parallax_on_scroll_respects_reduced_motion_pref,Subtle media parallax on scroll. Respects reduced motion preferences.,nether,common,5,Merge Candidate,no,
nether.common.success_message,Success message,nether,common,1,Section-specific,no,
nether.common.suffix,Suffix,nether,common,1,Section-specific,no,
nether.common.support_card,Support card,nether,common,1,Section-specific,no,
nether.common.support_center,Support center,nether,common,1,Section-specific,no,
nether.common.support_cta,Support CTA,nether,common,1,Section-specific,no,
nether.common.table,Table,nether,common,2,Merge Candidate,no,
nether.common.tablet_columns,Tablet columns,nether,common,2,Merge Candidate,no,
nether.common.tablet_layout,Tablet layout,nether,common,2,Merge Candidate,no,
nether.common.target_element_id,Target element ID,nether,common,1,Section-specific,no,
nether.common.text,Text,nether,common,20,Shared (excluded — merchant/content/info/preset),no,
nether.common.text_style,Text style,nether,common,2,Merge Candidate,no,
nether.common.tip,Tip,nether,common,1,Section-specific,no,
nether.common.title,Title,nether,common,5,Shared (excluded — merchant/content/info/preset),no,
nether.common.top,Top,nether,common,3,Shared (excluded — merchant/content/info/preset),no,
nether.common.top_center,Top center,nether,common,2,Merge Candidate,no,
nether.common.top_divider,Top divider,nether,common,2,Merge Candidate,no,
nether.common.top_left,Top left,nether,common,3,Shared (excluded — merchant/content/info/preset),no,
nether.common.top_right,Top right,nether,common,3,Shared (excluded — merchant/content/info/preset),no,
nether.common.top_section_divider,Top section divider,nether,common,1,Section-specific,no,
nether.common.trending_products,Trending products,nether,common,1,Section-specific,no,
nether.common.truck,Truck,nether,common,2,Merge Candidate,no,
nether.common.trust_badge,Trust badge,nether,common,1,Section-specific,no,
nether.common.trust_badge_hover_reveal,Trust badge hover reveal,nether,common,1,Section-specific,no,
nether.common.trust_badges,Trust badges,nether,common,7,Shared (excluded — merchant/content/info/preset),no,
nether.common.trust_item_1,Trust item 1,nether,common,1,Section-specific,no,
nether.common.trust_item_2,Trust item 2,nether,common,1,Section-specific,no,
nether.common.trust_item_3,Trust item 3,nether,common,1,Section-specific,no,
nether.common.trust_item_4,Trust item 4,nether,common,1,Section-specific,no,
nether.common.trust_text_1,Trust text 1,nether,common,1,Section-specific,no,
nether.common.trust_text_2,Trust text 2,nether,common,1,Section-specific,no,
nether.common.trust_text_3,Trust text 3,nether,common,1,Section-specific,no,
nether.common.trust_text_4,Trust text 4,nether,common,1,Section-specific,no,
nether.common.two_column_faq,Two column FAQ,nether,common,1,Section-specific,no,
nether.common.ui.actions.arrow,Arrow,nether,common,2,Merge Candidate,no,
nether.common.ui.actions.button_label,Button label,nether,common,9,Shared (excluded — merchant/content/info/preset),no,
nether.common.ui.actions.button_link,Button link,nether,common,2,Merge Candidate,no,
nether.common.ui.actions.button_size,Button size,nether,common,2,Merge Candidate,no,
nether.common.ui.actions.button_style,Button style,nether,common,2,Merge Candidate,no,
nether.common.ui.actions.cta_label,CTA label,nether,common,2,Merge Candidate,no,
nether.common.ui.actions.cta_link,CTA link,nether,common,2,Merge Candidate,no,
nether.common.ui.actions.cta_style,CTA style,nether,common,2,Merge Candidate,no,
nether.common.ui.actions.ghost,Ghost,nether,common,2,Merge Candidate,no,
nether.common.ui.actions.link,Link,nether,common,2,Merge Candidate,no,
nether.common.ui.actions.link_label,Link label,nether,common,2,Merge Candidate,no,
nether.common.ui.actions.outline,Outline,nether,common,2,Merge Candidate,no,
nether.common.ui.actions.primary_button_label,Primary button label,nether,common,2,Merge Candidate,no,
nether.common.ui.actions.secondary_button_label,Secondary button label,nether,common,2,Merge Candidate,no,
nether.common.ui.actions.solid,Solid,nether,common,2,Merge Candidate,no,
nether.common.ui.commerce.badge_label,Badge label,nether,common,2,Merge Candidate,no,
nether.common.ui.commerce.badge_style,Badge style,nether,common,2,Merge Candidate,no,
nether.common.ui.commerce.badge_type,Badge type,nether,common,2,Merge Candidate,no,
nether.common.ui.commerce.collection,Collection,nether,common,6,Shared (excluded — merchant/content/info/preset),no,
nether.common.ui.commerce.discount,Discount,nether,common,2,Merge Candidate,no,
nether.common.ui.commerce.new,New,nether,common,2,Merge Candidate,no,
nether.common.ui.commerce.page,Page,nether,common,6,Shared (excluded — merchant/content/info/preset),no,
nether.common.ui.commerce.product,Product,nether,common,3,Shared (excluded — merchant/content/info/preset),no,
nether.common.ui.commerce.quick_add,Quick add,nether,common,2,Merge Candidate,no,
nether.common.ui.commerce.show_rating,Show rating,nether,common,2,Merge Candidate,no,
nether.common.ui.commerce.vendor,Vendor,nether,common,2,Shared (excluded — merchant/content/info/preset),no,
nether.common.ui.content.accessibility_label,Accessibility label,nether,common,2,Merge Candidate,no,
nether.common.ui.content.content,Content,nether,common,13,Shared (excluded — merchant/content/info/preset),no,
nether.common.ui.content.description,Description,nether,common,4,Shared (excluded — merchant/content/info/preset),no,
nether.common.ui.content.icon,Icon,nether,common,2,Merge Candidate,no,
nether.common.ui.content.label,Label,nether,common,1,Section-specific,no,
nether.common.ui.labels.1_column,1 column,nether,common,2,Merge Candidate,no,
nether.common.ui.labels.2_columns,2 columns,nether,common,2,Merge Candidate,no,
nether.common.ui.labels.3_columns,3 columns,nether,common,1,Section-specific,no,
nether.common.ui.labels.4_columns,4 columns,nether,common,1,Section-specific,no,
nether.common.ui.labels.5_columns,5 columns,nether,common,1,Section-specific,no,
nether.common.ui.labels.accordion,Accordion,nether,common,2,Merge Candidate,no,
nether.common.ui.labels.adapt_to_first_image,Adapt to first image,nether,common,1,Section-specific,no,
nether.common.ui.labels.apple,Apple,nether,common,1,Section-specific,no,
nether.common.ui.labels.author,Author,nether,common,2,Merge Candidate,no,
nether.common.ui.labels.author_title,Author title,nether,common,2,Merge Candidate,no,
nether.common.ui.labels.auto,Auto,nether,common,1,Section-specific,no,
nether.common.ui.labels.background_blur,Background blur,nether,common,2,Merge Candidate,no,
nether.common.ui.labels.background_style,Background style,nether,common,2,Merge Candidate,no,
nether.common.ui.labels.badge_1_image,Badge 1 image,nether,common,2,Merge Candidate,no,
nether.common.ui.labels.badge_1_label,Badge 1 label,nether,common,2,Merge Candidate,no,
nether.common.ui.labels.badge_1_type,Badge 1 type,nether,common,2,Merge Candidate,no,
nether.common.ui.labels.badge_2_image,Badge 2 image,nether,common,2,Merge Candidate,no,
nether.common.ui.labels.badge_2_label,Badge 2 label,nether,common,2,Merge Candidate,no,
nether.common.ui.labels.badge_2_type,Badge 2 type,nether,common,2,Merge Candidate,no,
nether.common.ui.labels.badge_3_image,Badge 3 image,nether,common,2,Merge Candidate,no,
nether.common.ui.labels.badge_3_label,Badge 3 label,nether,common,2,Merge Candidate,no,
nether.common.ui.labels.badge_3_type,Badge 3 type,nether,common,2,Merge Candidate,no,
nether.common.ui.labels.badge_4_image,Badge 4 image,nether,common,2,Merge Candidate,no,
nether.common.ui.labels.badge_4_label,Badge 4 label,nether,common,2,Merge Candidate,no,
nether.common.ui.labels.badge_4_type,Badge 4 type,nether,common,2,Merge Candidate,no,
nether.common.ui.labels.badge_image,Badge image,nether,common,2,Merge Candidate,no,
nether.common.ui.labels.banana,Banana,nether,common,1,Section-specific,no,
nether.common.ui.labels.best_sellers,Best sellers,nether,common,2,Merge Candidate,no,
nether.common.ui.labels.bottle,Bottle,nether,common,1,Section-specific,no,
nether.common.ui.labels.bottom,Bottom,nether,common,3,Shared (excluded — merchant/content/info/preset),no,
nether.common.ui.labels.bottom_divider,Bottom divider,nether,common,2,Merge Candidate,no,
nether.common.ui.labels.box,Box,nether,common,2,Merge Candidate,no,
nether.common.ui.labels.brand,Brand,nether,common,2,Merge Candidate,no,
nether.common.ui.labels.brand_story,Brand story,nether,common,2,Merge Candidate,no,
nether.common.ui.labels.bundle_products,Bundle products,nether,common,2,Merge Candidate,no,
nether.common.ui.labels.bundle_strategy,Bundle strategy,nether,common,2,Merge Candidate,no,
nether.common.ui.labels.button_1_label,Button 1 label,nether,common,2,Merge Candidate,no,
nether.common.ui.labels.button_1_link,Button 1 link,nether,common,2,Merge Candidate,no,
nether.common.ui.labels.button_1_style,Button 1 style,nether,common,2,Merge Candidate,no,
nether.common.ui.labels.button_2_label,Button 2 label,nether,common,2,Merge Candidate,no,
nether.common.ui.labels.button_2_link,Button 2 link,nether,common,2,Merge Candidate,no,
nether.common.ui.labels.button_2_style,Button 2 style,nether,common,2,Merge Candidate,no,
nether.common.ui.labels.card,Card,nether,common,5,Shared (excluded — merchant/content/info/preset),no,
nether.common.ui.labels.card_caption,Card caption,nether,common,2,Merge Candidate,no,
nether.common.ui.labels.card_description,Card description,nether,common,2,Merge Candidate,no,
nether.common.ui.labels.card_heading,Card heading,nether,common,2,Merge Candidate,no,
nether.common.ui.labels.card_image,Card image,nether,common,2,Merge Candidate,no,
nether.common.ui.labels.card_radius,Card radius,nether,common,2,Merge Candidate,no,
nether.common.ui.labels.card_shadow,Card shadow,nether,common,2,Merge Candidate,no,
nether.common.ui.labels.card_style,Card style,nether,common,2,Merge Candidate,no,
nether.common.ui.labels.cards,Cards,nether,common,2,Shared (excluded — merchant/content/info/preset),no,
nether.common.ui.labels.carousel,Carousel,nether,common,2,Merge Candidate,no,
nether.common.ui.labels.carrot,Carrot,nether,common,1,Section-specific,no,
nether.common.ui.labels.chat_bubble,Chat bubble,nether,common,2,Merge Candidate,no,
nether.common.ui.labels.check_mark,Check mark,nether,common,2,Merge Candidate,no,
nether.common.ui.labels.checkmark,Checkmark,nether,common,2,Merge Candidate,no,
nether.common.ui.labels.circle,Circle,nether,common,1,Section-specific,no,
nether.common.ui.labels.clipboard,Clipboard,nether,common,1,Section-specific,no,
nether.common.ui.labels.collage,Collage,nether,common,3,Shared (excluded — merchant/content/info/preset),no,
nether.common.ui.labels.collapsible_row,Collapsible row,nether,common,5,Shared (excluded — merchant/content/info/preset),no,
nether.common.ui.labels.collections,Collections,nether,common,3,Shared (excluded — merchant/content/info/preset),no,
nether.common.ui.labels.column,Column,nether,common,3,Shared (excluded — merchant/content/info/preset),no,
nether.common.ui.labels.commerce,Commerce,nether,common,3,Shared (excluded — merchant/content/info/preset),no,
nether.common.ui.labels.compare_table_style,Compare table style,nether,common,1,Section-specific,no,
nether.common.ui.labels.complementary_products,Complementary products,nether,common,2,Shared (excluded — merchant/content/info/preset),no,
nether.common.ui.labels.complete_the_look,Complete the look,nether,common,2,Merge Candidate,no,
nether.common.ui.labels.container,Container,nether,common,1,Section-specific,no,
nether.common.ui.labels.container_color_scheme,Container color scheme,nether,common,1,Section-specific,no,
nether.common.ui.labels.content_spacing,Content spacing,nether,common,1,Section-specific,no,
nether.common.ui.labels.counter,Counter,nether,common,3,Shared (excluded — merchant/content/info/preset),no,
nether.common.ui.labels.country_region_selector,Country/region selector,nether,common,1,Section-specific,no,
nether.common.ui.labels.cover_image,Cover image,nether,common,1,Section-specific,no,
nether.common.ui.labels.curated_bundle,Curated bundle,nether,common,2,Merge Candidate,no,
nether.common.ui.labels.custom_badge_1,Custom badge 1,nether,common,2,Merge Candidate,no,
nether.common.ui.labels.custom_badge_2,Custom badge 2,nether,common,2,Merge Candidate,no,
nether.common.ui.labels.custom_badge_3,Custom badge 3,nether,common,2,Merge Candidate,no,
nether.common.ui.labels.custom_description,Custom description,nether,common,2,Merge Candidate,no,
nether.common.ui.labels.custom_html,Custom HTML,nether,common,5,Shared (excluded — merchant/content/info/preset),no,
nether.common.ui.labels.custom_image,Custom image,nether,common,2,Merge Candidate,no,
nether.common.ui.labels.custom_link,Custom link,nether,common,2,Merge Candidate,no,
nether.common.ui.labels.custom_mobile_image,Custom mobile image,nether,common,2,Merge Candidate,no,
nether.common.ui.labels.custom_title,Custom title,nether,common,2,Merge Candidate,no,
nether.common.ui.labels.dairy,Dairy,nether,common,1,Section-specific,no,
nether.common.ui.labels.dairy_free,Dairy free,nether,common,1,Section-specific,no,
nether.common.ui.labels.date,Date,nether,common,2,Merge Candidate,no,
nether.common.ui.labels.decorative_shapes,Decorative shapes,nether,common,2,Merge Candidate,no,
nether.common.ui.labels.default_card_cta_label,Default card CTA label,nether,common,2,Merge Candidate,no,
nether.common.ui.labels.default_card_cta_style,Default card CTA style,nether,common,2,Merge Candidate,no,
nether.common.ui.labels.description_style,Description style,nether,common,1,Section-specific,no,
nether.common.ui.labels.divider_opacity,Divider opacity,nether,common,1,Section-specific,no,
nether.common.ui.labels.divider_style,Divider style,nether,common,2,Merge Candidate,no,
nether.common.ui.labels.dots,Dots,nether,common,3,Shared (excluded — merchant/content/info/preset),no,
nether.common.ui.labels.dramatic,Dramatic,nether,common,2,Merge Candidate,no,
nether.common.ui.labels.drawer,Drawer,nether,common,2,Shared (excluded — merchant/content/info/preset),no,
nether.common.ui.labels.dropdown,Dropdown,nether,common,1,Section-specific,no,
nether.common.ui.labels.dryer,Dryer,nether,common,1,Section-specific,no,
nether.common.ui.labels.dynamic_checkout_buttons,Dynamic checkout buttons,nether,common,1,Section-specific,no,
nether.common.ui.labels.editorial_emphasis,Editorial emphasis,nether,common,2,Merge Candidate,no,
nether.common.ui.labels.editorial_grid,Editorial grid,nether,common,2,Merge Candidate,no,
nether.common.ui.labels.email_signup,Email signup,nether,common,4,Shared (excluded — merchant/content/info/preset),no,
nether.common.ui.labels.empty_button_label,Empty button label,nether,common,1,Section-specific,no,
nether.common.ui.labels.empty_button_link,Empty button link,nether,common,1,Section-specific,no,
nether.common.ui.labels.empty_cart_button_label,Empty cart button label,nether,common,1,Section-specific,no,
nether.common.ui.labels.empty_cart_button_link,Empty cart button link,nether,common,1,Section-specific,no,
nether.common.ui.labels.empty_cart_heading,Empty cart heading,nether,common,1,Section-specific,no,
nether.common.ui.labels.empty_cart_text,Empty cart text,nether,common,1,Section-specific,no,
nether.common.ui.labels.empty_heading,Empty heading,nether,common,1,Section-specific,no,
nether.common.ui.labels.empty_text,Empty text,nether,common,1,Section-specific,no,
nether.common.ui.labels.enable_compare_on_cards,Enable compare on cards,nether,common,2,Merge Candidate,no,
nether.common.ui.labels.enable_glass_accents,Enable glass accents,nether,common,1,Section-specific,no,
nether.common.ui.labels.enable_glass_card,Enable glass card,nether,common,2,Merge Candidate,no,
nether.common.ui.labels.enable_glass_drawer_panel,Enable glass drawer panel,nether,common,1,Section-specific,no,
nether.common.ui.labels.enable_glass_effects,Enable glass effects,nether,common,1,Section-specific,no,
nether.common.ui.labels.enable_glass_panel,Enable glass panel,nether,common,2,Merge Candidate,no,
nether.common.ui.labels.enable_gradient_accents,Enable gradient accents,nether,common,1,Section-specific,no,
nether.common.ui.labels.enable_gradient_overlay,Enable gradient overlay,nether,common,2,Merge Candidate,no,
nether.common.ui.labels.enable_order_notes,Enable order notes,nether,common,1,Section-specific,no,
nether.common.ui.labels.enable_quick_view_on_cards,Enable quick view on cards,nether,common,2,Merge Candidate,no,
nether.common.ui.labels.enable_shipping_progress_bar,Enable shipping progress bar,nether,common,1,Section-specific,no,
nether.common.ui.labels.enable_trust_area,Enable trust area,nether,common,1,Section-specific,no,
nether.common.ui.labels.enable_wishlist_on_cards,Enable wishlist on cards,nether,common,1,Section-specific,no,
nether.common.ui.labels.exclusive,Exclusive,nether,common,2,Merge Candidate,no,
nether.common.ui.labels.external_video_url,External video URL,nether,common,2,Merge Candidate,no,
nether.common.ui.labels.eye,Eye,nether,common,1,Section-specific,no,
nether.common.ui.labels.eyebrow_text,Eyebrow text,nether,common,2,Merge Candidate,no,
nether.common.ui.labels.fade_down,Fade down,nether,common,2,Merge Candidate,no,
nether.common.ui.labels.feature_1,Feature 1,nether,common,2,Merge Candidate,no,
nether.common.ui.labels.feature_1_icon,Feature 1 icon,nether,common,2,Merge Candidate,no,
nether.common.ui.labels.feature_2,Feature 2,nether,common,2,Merge Candidate,no,
nether.common.ui.labels.feature_2_icon,Feature 2 icon,nether,common,2,Merge Candidate,no,
nether.common.ui.labels.feature_3,Feature 3,nether,common,2,Merge Candidate,no,
nether.common.ui.labels.feature_3_icon,Feature 3 icon,nether,common,2,Merge Candidate,no,
nether.common.ui.labels.feature_4,Feature 4,nether,common,2,Merge Candidate,no,
nether.common.ui.labels.feature_4_icon,Feature 4 icon,nether,common,2,Merge Candidate,no,
nether.common.ui.labels.featured_image,Featured image,nether,common,2,Shared (excluded — merchant/content/info/preset),no,
nether.common.ui.labels.fire,Fire,nether,common,1,Section-specific,no,
nether.common.ui.labels.first_button_label,First button label,nether,common,2,Merge Candidate,no,
nether.common.ui.labels.first_button_link,First button link,nether,common,2,Merge Candidate,no,
nether.common.ui.labels.first_button_style,First button style,nether,common,2,Merge Candidate,no,
nether.common.ui.labels.floating_cards,Floating cards,nether,common,2,Merge Candidate,no,
nether.common.ui.labels.floating_content_card,Floating content card,nether,common,2,Merge Candidate,no,
nether.common.ui.labels.footer,Footer,nether,common,2,Shared (excluded — merchant/content/info/preset),no,
nether.common.ui.labels.free_shipping,Free shipping,nether,common,2,Merge Candidate,no,
nether.common.ui.labels.free_shipping_threshold,Free shipping threshold,nether,common,1,Section-specific,no,
nether.common.ui.labels.frequently_bought_together,Frequently bought together,nether,common,3,Shared (excluded — merchant/content/info/preset),no,
nether.common.ui.labels.frosted,Frosted,nether,common,2,Merge Candidate,no,
nether.common.ui.labels.full,Full,nether,common,2,Merge Candidate,no,
nether.common.ui.labels.gift_set,Gift set,nether,common,2,Merge Candidate,no,
nether.common.ui.labels.glass_style,Glass style,nether,common,2,Merge Candidate,no,
nether.common.ui.labels.gluten_free,Gluten free,nether,common,1,Section-specific,no,
nether.common.ui.labels.gradient_style,Gradient style,nether,common,2,Merge Candidate,no,
nether.common.ui.labels.grid_gap,Grid gap,nether,common,2,Merge Candidate,no,
nether.common.ui.labels.h2,H2,nether,common,2,Merge Candidate,no,
nether.common.ui.labels.h3,H3,nether,common,2,Merge Candidate,no,
nether.common.ui.labels.heading_level,Heading level,nether,common,2,Merge Candidate,no,
nether.common.ui.labels.heart,Heart,nether,common,2,Merge Candidate,no,
nether.common.ui.labels.heavy,Heavy,nether,common,2,Merge Candidate,no,
nether.common.ui.labels.height,Height,nether,common,1,Section-specific,no,
nether.common.ui.labels.hero_layout,Hero layout,nether,common,1,Section-specific,no,
nether.common.ui.labels.highlight_differences,Highlight differences,nether,common,1,Section-specific,no,
nether.common.ui.labels.horizontal,Horizontal,nether,common,1,Section-specific,no,
nether.common.ui.labels.horizontal_scroll,Horizontal scroll,nether,common,2,Merge Candidate,no,
nether.common.ui.labels.html,HTML,nether,common,2,Merge Candidate,no,
nether.common.ui.labels.icon_name,Icon name,nether,common,2,Merge Candidate,no,
nether.common.ui.labels.icon_size,Icon size,nether,common,2,Merge Candidate,no,
nether.common.ui.labels.image_first,Image first,nether,common,1,Section-specific,no,
nether.common.ui.labels.image_height,Image height,nether,common,1,Section-specific,no,
nether.common.ui.labels.image_second,Image second,nether,common,1,Section-specific,no,
nether.common.ui.labels.image_with_text,Image with text,nether,common,4,Shared (excluded — merchant/content/info/preset),no,
nether.common.ui.labels.iron,Iron,nether,common,1,Section-specific,no,
nether.common.ui.labels.language_selector,Language selector,nether,common,1,Section-specific,no,
nether.common.ui.labels.leaf,Leaf,nether,common,2,Merge Candidate,no,
nether.common.ui.labels.leather,Leather,nether,common,1,Section-specific,no,
nether.common.ui.labels.light,Light,nether,common,2,Merge Candidate,no,
nether.common.ui.labels.lightning,Lightning,nether,common,2,Merge Candidate,no,
nether.common.ui.labels.lightning_bolt,Lightning bolt,nether,common,1,Section-specific,no,
nether.common.ui.labels.line,Line,nether,common,2,Merge Candidate,no,
nether.common.ui.labels.lipstick,Lipstick,nether,common,1,Section-specific,no,
nether.common.ui.labels.list,List,nether,common,2,Merge Candidate,no,
nether.common.ui.labels.lock,Lock,nether,common,2,Merge Candidate,no,
nether.common.ui.labels.logo_image,Logo image,nether,common,2,Merge Candidate,no,
nether.common.ui.labels.logo_link,Logo link,nether,common,2,Merge Candidate,no,
nether.common.ui.labels.logo_width,Logo width,nether,common,1,Section-specific,no,
nether.common.ui.labels.luxury_grid,Luxury grid,nether,common,2,Merge Candidate,no,
nether.common.ui.labels.magazine_layout,Magazine layout,nether,common,2,Merge Candidate,no,
nether.common.ui.labels.map_pin,Map pin,nether,common,1,Section-specific,no,
nether.common.ui.labels.maximum_compare_items,Maximum compare items,nether,common,1,Section-specific,no,
nether.common.ui.labels.menu,Menu,nether,common,2,Shared (excluded — merchant/content/info/preset),no,
nether.common.ui.labels.merchant_content,Merchant content,nether,common,8,Shared (excluded — merchant/content/info/preset),no,
nether.common.ui.labels.middle,Middle,nether,common,1,Section-specific,no,
nether.common.ui.labels.mix_match,Mix & match,nether,common,2,Merge Candidate,no,
nether.common.ui.labels.mobile_alignment,Mobile alignment,nether,common,1,Section-specific,no,
nether.common.ui.labels.module_spacing,Module spacing,nether,common,1,Section-specific,no,
nether.common.ui.labels.new_arrivals,New arrivals,nether,common,2,Merge Candidate,no,
nether.common.ui.labels.normal,Normal,nether,common,1,Section-specific,no,
nether.common.ui.labels.notice_style,Notice style,nether,common,1,Section-specific,no,
nether.common.ui.labels.numbers,Numbers,nether,common,3,Shared (excluded — merchant/content/info/preset),no,
nether.common.ui.labels.nut_free,Nut free,nether,common,1,Section-specific,no,
nether.common.ui.labels.open_by_default,Open by default,nether,common,2,Merge Candidate,no,
nether.common.ui.labels.organic,Organic,nether,common,2,Merge Candidate,no,
nether.common.ui.labels.outline_button,Outline button,nether,common,2,Shared (excluded — merchant/content/info/preset),no,
nether.common.ui.labels.outline_style,Outline style,nether,common,1,Section-specific,no,
nether.common.ui.labels.overlay,Overlay,nether,common,1,Section-specific,no,
nether.common.ui.labels.pagination,Pagination,nether,common,1,Section-specific,no,
nether.common.ui.labels.pants,Pants,nether,common,1,Section-specific,no,
nether.common.ui.labels.paw_print,Paw print,nether,common,1,Section-specific,no,
nether.common.ui.labels.pepper,Pepper,nether,common,1,Section-specific,no,
nether.common.ui.labels.perfume,Perfume,nether,common,1,Section-specific,no,
nether.common.ui.labels.pill,Pill,nether,common,2,Merge Candidate,no,
nether.common.ui.labels.pills,Pills,nether,common,1,Section-specific,no,
nether.common.ui.labels.placement,Placement,nether,common,1,Section-specific,no,
nether.common.ui.labels.plane,Plane,nether,common,2,Merge Candidate,no,
nether.common.ui.labels.plant,Plant,nether,common,1,Section-specific,no,
nether.common.ui.labels.position,Position,nether,common,1,Section-specific,no,
nether.common.ui.labels.premium,Premium,nether,common,2,Merge Candidate,no,
nether.common.ui.labels.price_tag,Price tag,nether,common,1,Section-specific,no,
nether.common.ui.labels.primary_button_link,Primary button link,nether,common,2,Merge Candidate,no,
nether.common.ui.labels.primary_button_style,Primary button style,nether,common,2,Merge Candidate,no,
nether.common.ui.labels.primary_heading_level,Primary heading level,nether,common,2,Merge Candidate,no,
nether.common.ui.labels.product_count,Product count,nether,common,1,Section-specific,no,
nether.common.ui.labels.product_pack,Product pack,nether,common,2,Merge Candidate,no,
nether.common.ui.labels.product_rating,Product rating,nether,common,3,Shared (excluded — merchant/content/info/preset),no,
nether.common.ui.labels.products_per_page,Products per page,nether,common,1,Section-specific,no,
nether.common.ui.labels.products_to_show,Products to show,nether,common,2,Merge Candidate,no,
nether.common.ui.labels.question_mark,Question mark,nether,common,2,Merge Candidate,no,
nether.common.ui.labels.quote,Quote,nether,common,3,Shared (excluded — merchant/content/info/preset),no,
nether.common.ui.labels.recycle,Recycle,nether,common,1,Section-specific,no,
nether.common.ui.labels.related_products,Related products,nether,common,3,Shared (excluded — merchant/content/info/preset),no,
nether.common.ui.labels.relaxed,Relaxed,nether,common,1,Section-specific,no,
nether.common.ui.labels.return,Return,nether,common,2,Merge Candidate,no,
nether.common.ui.labels.rise,Rise,nether,common,1,Section-specific,no,
nether.common.ui.labels.row_content,Row content,nether,common,1,Section-specific,no,
nether.common.ui.labels.row_content_from_page,Row content from page,nether,common,1,Section-specific,no,
nether.common.ui.labels.ruler,Ruler,nether,common,2,Merge Candidate,no,
nether.common.ui.labels.search_placeholder,Search placeholder,nether,common,2,Merge Candidate,no,
nether.common.ui.labels.second_button_label,Second button label,nether,common,2,Merge Candidate,no,
nether.common.ui.labels.second_button_link,Second button link,nether,common,2,Merge Candidate,no,
nether.common.ui.labels.second_button_style,Second button style,nether,common,2,Merge Candidate,no,
nether.common.ui.labels.secondary_background,Secondary background,nether,common,1,Section-specific,no,
nether.common.ui.labels.secondary_button_link,Secondary button link,nether,common,2,Merge Candidate,no,
nether.common.ui.labels.secondary_button_style,Secondary button style,nether,common,2,Merge Candidate,no,
nether.common.ui.labels.secure_checkout_message,Secure checkout message,nether,common,1,Section-specific,no,
nether.common.ui.labels.seed_product,Seed product,nether,common,1,Section-specific,no,
nether.common.ui.labels.serving_dish,Serving dish,nether,common,1,Section-specific,no,
nether.common.ui.labels.shadow,Shadow,nether,common,4,Shared (excluded — merchant/content/info/preset),no,
nether.common.ui.labels.shirt,Shirt,nether,common,1,Section-specific,no,
nether.common.ui.labels.shoe,Shoe,nether,common,1,Section-specific,no,
nether.common.ui.labels.shopify_hosted_video,Shopify-hosted video,nether,common,3,Shared (excluded — merchant/content/info/preset),no,
nether.common.ui.labels.show_bottom_divider,Show bottom divider,nether,common,1,Section-specific,no,
nether.common.ui.labels.show_bundles_integration_note,Show bundles integration note,nether,common,2,Merge Candidate,no,
nether.common.ui.labels.show_compare_count,Show compare count,nether,common,1,Section-specific,no,
nether.common.ui.labels.show_product_count,Show product count,nether,common,1,Section-specific,no,
nether.common.ui.labels.show_product_rating,Show product rating,nether,common,2,Merge Candidate,no,
nether.common.ui.labels.show_recommendations_integration_note,Show recommendations integration note,nether,common,2,Merge Candidate,no,
nether.common.ui.labels.show_sale_badge,Show sale badge,nether,common,2,Merge Candidate,no,
nether.common.ui.labels.show_savings_amount,Show savings amount,nether,common,2,Merge Candidate,no,
nether.common.ui.labels.show_second_image_on_hover,Show second image on hover,nether,common,2,Merge Candidate,no,
nether.common.ui.labels.show_stock_status,Show stock status,nether,common,2,Merge Candidate,no,
nether.common.ui.labels.show_strategy_badge,Show strategy badge,nether,common,1,Section-specific,no,
nether.common.ui.labels.show_top_divider,Show top divider,nether,common,1,Section-specific,no,
nether.common.ui.labels.show_vendor,Show vendor,nether,common,2,Merge Candidate,no,
nether.common.ui.labels.show_view_all_button,Show view all button,nether,common,2,Merge Candidate,no,
nether.common.ui.labels.show_wishlist_count,Show wishlist count,nether,common,1,Section-specific,no,
nether.common.ui.labels.silhouette,Silhouette,nether,common,1,Section-specific,no,
nether.common.ui.labels.size,Size,nether,common,1,Section-specific,no,
nether.common.ui.labels.snowflake,Snowflake,nether,common,1,Section-specific,no,
nether.common.ui.labels.social_media_icons,Social media icons,nether,common,1,Section-specific,no,
nether.common.ui.labels.solid_button,Solid button,nether,common,1,Section-specific,no,
nether.common.ui.labels.space,Space,nether,common,2,Merge Candidate,no,
nether.common.ui.labels.spacing,Spacing,nether,common,2,Shared (excluded — merchant/content/info/preset),no,
nether.common.ui.labels.split_media_position,Split media position,nether,common,2,Merge Candidate,no,
nether.common.ui.labels.stack_text_below_image,Stack text below image,nether,common,1,Section-specific,no,
nether.common.ui.labels.star,Star,nether,common,2,Merge Candidate,no,
nether.common.ui.labels.stat_1_label,Stat 1 label,nether,common,2,Merge Candidate,no,
nether.common.ui.labels.stat_1_value,Stat 1 value,nether,common,2,Merge Candidate,no,
nether.common.ui.labels.stat_2_label,Stat 2 label,nether,common,2,Merge Candidate,no,
nether.common.ui.labels.stat_2_value,Stat 2 value,nether,common,2,Merge Candidate,no,
nether.common.ui.labels.stat_3_label,Stat 3 label,nether,common,2,Merge Candidate,no,
nether.common.ui.labels.stat_3_value,Stat 3 value,nether,common,2,Merge Candidate,no,
nether.common.ui.labels.sticky_buy_box_nether,Sticky buy box (Nether),nether,common,2,Merge Candidate,no,
nether.common.ui.labels.stopwatch,Stopwatch,nether,common,2,Merge Candidate,no,
nether.common.ui.labels.style,Style,nether,common,5,Shared (excluded — merchant/content/info/preset),no,
nether.common.ui.labels.swatch,Swatch,nether,common,1,Section-specific,no,
nether.common.ui.labels.table,Table,nether,common,2,Merge Candidate,no,
nether.common.ui.labels.top,Top,nether,common,3,Shared (excluded — merchant/content/info/preset),no,
nether.common.ui.labels.top_divider,Top divider,nether,common,2,Merge Candidate,no,
nether.common.ui.labels.truck,Truck,nether,common,2,Merge Candidate,no,
nether.common.ui.labels.trust_heading,Trust heading,nether,common,1,Section-specific,no,
nether.common.ui.labels.trust_icon,Trust icon,nether,common,1,Section-specific,no,
nether.common.ui.labels.trust_text,Trust text,nether,common,1,Section-specific,no,
nether.common.ui.labels.typography,Typography,nether,common,2,Shared (excluded — merchant/content/info/preset),no,
nether.common.ui.labels.url,URL,nether,common,1,Section-specific,no,
nether.common.ui.labels.vertical,Vertical,nether,common,1,Section-specific,no,
nether.common.ui.labels.video_alt_text,Video alt text,nether,common,1,Section-specific,no,
nether.common.ui.labels.video_description,Video description,nether,common,2,Merge Candidate,no,
nether.common.ui.labels.video_poster_image,Video poster image,nether,common,2,Merge Candidate,no,
nether.common.ui.labels.view_all_button,"""View all"" button",nether,common,1,Section-specific,no,
nether.common.ui.labels.view_all_button_label,View all button label,nether,common,2,Merge Candidate,no,
nether.common.ui.labels.view_all_button_style,View all button style,nether,common,2,Merge Candidate,no,
nether.common.ui.labels.vignette,Vignette,nether,common,2,Merge Candidate,no,
nether.common.ui.labels.volume_discount,Volume discount,nether,common,2,Merge Candidate,no,
nether.common.ui.labels.washing,Washing,nether,common,1,Section-specific,no,
nether.common.ui.labels.wave,Wave,nether,common,2,Merge Candidate,no,
nether.common.ui.labels.width,Width,nether,common,2,Shared (excluded — merchant/content/info/preset),no,
nether.common.ui.layout.alignment,Alignment,nether,common,1,Section-specific,no,
nether.common.ui.layout.bottom_center,Bottom Center,nether,common,1,Section-specific,no,
nether.common.ui.layout.bottom_center_2,Bottom center,nether,common,2,Merge Candidate,no,
nether.common.ui.layout.bottom_left,Bottom Left,nether,common,1,Section-specific,no,
nether.common.ui.layout.bottom_left_2,Bottom left,nether,common,3,Shared (excluded — merchant/content/info/preset),no,
nether.common.ui.layout.bottom_right,Bottom Right,nether,common,1,Section-specific,no,
nether.common.ui.layout.bottom_right_2,Bottom right,nether,common,3,Shared (excluded — merchant/content/info/preset),no,
nether.common.ui.layout.center,Center,nether,common,3,Shared (excluded — merchant/content/info/preset),no,
nether.common.ui.layout.centered,Centered,nether,common,2,Merge Candidate,no,
nether.common.ui.layout.columns,Columns,nether,common,1,Section-specific,no,
nether.common.ui.layout.content_alignment,Content alignment,nether,common,2,Merge Candidate,no,
nether.common.ui.layout.content_position,Content position,nether,common,2,Merge Candidate,no,
nether.common.ui.layout.content_width,Content width,nether,common,2,Merge Candidate,no,
nether.common.ui.layout.desktop_columns,Desktop columns,nether,common,2,Merge Candidate,no,
nether.common.ui.layout.desktop_layout,Desktop layout,nether,common,2,Merge Candidate,no,
nether.common.ui.layout.full_width,Full width,nether,common,2,Merge Candidate,no,
nether.common.ui.layout.grid,Grid,nether,common,4,Shared (excluded — merchant/content/info/preset),no,
nether.common.ui.layout.inline,Inline,nether,common,2,Merge Candidate,no,
nether.common.ui.layout.layout,Layout,nether,common,11,Shared (excluded — merchant/content/info/preset),no,
nether.common.ui.layout.left,Left,nether,common,3,Shared (excluded — merchant/content/info/preset),no,
nether.common.ui.layout.media_position,Media position,nether,common,2,Merge Candidate,no,
nether.common.ui.layout.middle_center,Middle Center,nether,common,1,Section-specific,no,
nether.common.ui.layout.middle_center_2,Middle center,nether,common,2,Merge Candidate,no,
nether.common.ui.layout.middle_left,Middle Left,nether,common,1,Section-specific,no,
nether.common.ui.layout.middle_left_2,Middle left,nether,common,2,Merge Candidate,no,
nether.common.ui.layout.middle_right,Middle Right,nether,common,1,Section-specific,no,
nether.common.ui.layout.middle_right_2,Middle right,nether,common,2,Merge Candidate,no,
nether.common.ui.layout.mobile_columns,Mobile columns,nether,common,2,Merge Candidate,no,
nether.common.ui.layout.mobile_layout,Mobile layout,nether,common,8,Shared (excluded — merchant/content/info/preset),no,
nether.common.ui.layout.narrow,Narrow,nether,common,2,Merge Candidate,no,
nether.common.ui.layout.right,Right,nether,common,3,Shared (excluded — merchant/content/info/preset),no,
nether.common.ui.layout.split,Split,nether,common,2,Merge Candidate,no,
nether.common.ui.layout.stacked,Stacked,nether,common,2,Merge Candidate,no,
nether.common.ui.layout.tablet_columns,Tablet columns,nether,common,2,Merge Candidate,no,
nether.common.ui.layout.tablet_layout,Tablet layout,nether,common,2,Merge Candidate,no,
nether.common.ui.layout.top_center,Top Center,nether,common,1,Section-specific,no,
nether.common.ui.layout.top_center_2,Top center,nether,common,2,Merge Candidate,no,
nether.common.ui.layout.top_left,Top Left,nether,common,1,Section-specific,no,
nether.common.ui.layout.top_left_2,Top left,nether,common,3,Shared (excluded — merchant/content/info/preset),no,
nether.common.ui.layout.top_right,Top Right,nether,common,1,Section-specific,no,
nether.common.ui.layout.top_right_2,Top right,nether,common,3,Shared (excluded — merchant/content/info/preset),no,
nether.common.ui.layout.wide,Wide,nether,common,2,Merge Candidate,no,
nether.common.ui.media.adapt,Adapt,nether,common,2,Merge Candidate,no,
nether.common.ui.media.adapt_to_image,Adapt to image,nether,common,2,Merge Candidate,no,
nether.common.ui.media.background_image,Background image,nether,common,2,Merge Candidate,no,
nether.common.ui.media.background_video,Background video,nether,common,2,Merge Candidate,no,
nether.common.ui.media.desktop_image,Desktop image,nether,common,2,Merge Candidate,no,
nether.common.ui.media.enable_image_overlay,Enable image overlay,nether,common,2,Merge Candidate,no,
nether.common.ui.media.image,Image,nether,common,8,Shared (excluded — merchant/content/info/preset),no,
nether.common.ui.media.image_ratio,Image ratio,nether,common,2,Merge Candidate,no,
nether.common.ui.media.loop_video,Loop video,nether,common,2,Merge Candidate,no,
nether.common.ui.media.media_type,Media type,nether,common,2,Merge Candidate,no,
nether.common.ui.media.mobile_image,Mobile image,nether,common,2,Merge Candidate,no,
nether.common.ui.media.overlay_opacity,Overlay opacity,nether,common,2,Merge Candidate,no,
nether.common.ui.media.portrait,Portrait,nether,common,3,Shared (excluded — merchant/content/info/preset),no,
nether.common.ui.media.poster_image,Poster image,nether,common,2,Merge Candidate,no,
nether.common.ui.media.square,Square,nether,common,3,Shared (excluded — merchant/content/info/preset),no,
nether.common.ui.media.video,Video,nether,common,7,Shared (excluded — merchant/content/info/preset),no,
nether.common.ui.motion.animation_speed,Animation speed,nether,common,2,Merge Candidate,no,
nether.common.ui.motion.animation_style,Animation style,nether,common,2,Merge Candidate,no,
nether.common.ui.motion.enable_parallax,Enable parallax,nether,common,2,Merge Candidate,no,
nether.common.ui.motion.fade,Fade,nether,common,2,Merge Candidate,no,
nether.common.ui.motion.fast,Fast,nether,common,2,Merge Candidate,no,
nether.common.ui.motion.glow,Glow,nether,common,2,Merge Candidate,no,
nether.common.ui.motion.hover_effect,Hover effect,nether,common,3,Shared (excluded — merchant/content/info/preset),no,
nether.common.ui.motion.hover_effects,Hover effects,nether,common,2,Merge Candidate,no,
nether.common.ui.motion.hover_reveal,Hover reveal,nether,common,2,Merge Candidate,no,
nether.common.ui.motion.lift,Lift,nether,common,2,Merge Candidate,no,
nether.common.ui.motion.scale,Scale,nether,common,4,Shared (excluded — merchant/content/info/preset),no,
nether.common.ui.motion.slide,Slide,nether,common,3,Shared (excluded — merchant/content/info/preset),no,
nether.common.ui.motion.slow,Slow,nether,common,2,Merge Candidate,no,
nether.common.ui.motion.stagger,Stagger,nether,common,2,Merge Candidate,no,
nether.common.ui.motion.zoom,Zoom,nether,common,2,Merge Candidate,no,
nether.common.ui.sizing.compact,Compact,nether,common,2,Merge Candidate,no,
nether.common.ui.sizing.large,Large,nether,common,3,Shared (excluded — merchant/content/info/preset),no,
nether.common.ui.sizing.medium,Medium,nether,common,3,Shared (excluded — merchant/content/info/preset),no,
nether.common.ui.sizing.small,Small,nether,common,3,Shared (excluded — merchant/content/info/preset),no,
nether.common.ui.sizing.spacious,Spacious,nether,common,2,Merge Candidate,no,
nether.common.ui.states.classic,Classic,nether,common,2,Merge Candidate,no,
nether.common.ui.states.custom,Custom,nether,common,3,Shared (excluded — merchant/content/info/preset),no,
nether.common.ui.states.default,Default,nether,common,3,Shared (excluded — merchant/content/info/preset),no,
nether.common.ui.states.editorial,Editorial,nether,common,3,Shared (excluded — merchant/content/info/preset),no,
nether.common.ui.states.elevated,Elevated,nether,common,2,Merge Candidate,no,
nether.common.ui.states.featured,Featured,nether,common,2,Merge Candidate,no,
nether.common.ui.states.glass,Glass,nether,common,2,Merge Candidate,no,
nether.common.ui.states.gradient,Gradient,nether,common,2,Merge Candidate,no,
nether.common.ui.states.minimal,Minimal,nether,common,3,Shared (excluded — merchant/content/info/preset),no,
nether.common.ui.states.none,None,nether,common,5,Shared (excluded — merchant/content/info/preset),no,
nether.common.ui.states.primary,Primary,nether,common,2,Merge Candidate,no,
nether.common.ui.states.secondary,Secondary,nether,common,2,Merge Candidate,no,
nether.common.ui.states.soft,Soft,nether,common,2,Merge Candidate,no,
nether.common.ui.states.standard,Standard,nether,common,6,Shared (excluded — merchant/content/info/preset),no,
nether.common.ui.typography.body,Body,nether,common,3,Shared (excluded — merchant/content/info/preset),no,
nether.common.ui.typography.body_large,Body large,nether,common,2,Merge Candidate,no,
nether.common.ui.typography.caption,Caption,nether,common,5,Shared (excluded — merchant/content/info/preset),no,
nether.common.ui.typography.eyebrow,Eyebrow,nether,common,6,Shared (excluded — merchant/content/info/preset),no,
nether.common.ui.typography.heading,Heading,nether,common,18,Shared (excluded — merchant/content/info/preset),no,
nether.common.ui.typography.heading_size,Heading size,nether,common,3,Shared (excluded — merchant/content/info/preset),no,
nether.common.ui.typography.subheading,Subheading,nether,common,6,Shared (excluded — merchant/content/info/preset),no,
nether.common.ui.typography.subheading_size,Subheading size,nether,common,2,Merge Candidate,no,
nether.common.ui.typography.subtitle,Subtitle,nether,common,2,Merge Candidate,no,
nether.common.ui.typography.text,Text,nether,common,20,Shared (excluded — merchant/content/info/preset),no,
nether.common.ui.typography.text_style,Text style,nether,common,2,Merge Candidate,no,
nether.common.ui.typography.title,Title,nether,common,5,Shared (excluded — merchant/content/info/preset),no,
nether.common.ui.typography.uppercase,Uppercase,nether,common,2,Merge Candidate,no,
nether.common.uppercase,Uppercase,nether,common,2,Merge Candidate,no,
nether.common.use_netherfaqdetails_section_block_from_theme_editor_block_i,Use NetherFaqDetails-{section}-{block} from Theme Editor block ID.,nether,common,1,Section-specific,no,
nether.common.used_for_collection_based_sources_sort_the_collection_in_sho,"Used for collection-based sources. Sort the collection in Shopify admin for best sellers, new arrivals, or trending.",nether,common,1,Section-specific,no,
nether.common.used_for_navigation_anchors_auto_generated_from_heading_if_b,Used for navigation anchors. Auto-generated from heading if blank.,nether,common,1,Section-specific,no,
nether.common.used_for_screen_readers_and_video_accessibility,Used for screen readers and video accessibility.,nether,common,2,Merge Candidate,no,
nether.common.uses_the_premium_compare_toggle_enable_the_compare_framework,"Uses the Premium Compare toggle. Enable the compare framework in the header for the drawer, table, and count.",nether,common,1,Section-specific,no,
nether.common.uses_the_premium_wishlist_toggle_enable_the_wishlist_framewo,Uses the Premium Wishlist toggle. Enable the wishlist framework in the header for the drawer and count.,nether,common,1,Section-specific,no,
nether.common.value,Value,nether,common,1,Section-specific,no,
nether.common.video,Video,nether,common,7,Shared (excluded — merchant/content/info/preset),no,
nether.common.video_description,Video description,nether,common,2,Merge Candidate,no,
nether.common.video_poster_image,Video poster image,nether,common,2,Merge Candidate,no,
nether.common.video_testimonial,Video testimonial,nether,common,1,Section-specific,no,
nether.common.video_testimonials,Video testimonials,nether,common,1,Section-specific,no,
nether.common.view_all_button_label,View all button label,nether,common,2,Merge Candidate,no,
nether.common.view_all_button_style,View all button style,nether,common,2,Merge Candidate,no,
nether.common.vignette,Vignette,nether,common,2,Merge Candidate,no,
nether.common.vip_membership,VIP membership,nether,common,1,Section-specific,no,
nether.common.vip_signup,VIP signup,nether,common,1,Section-specific,no,
nether.common.volume_discount,Volume discount,nether,common,2,Merge Candidate,no,
nether.common.waitlist,Waitlist,nether,common,1,Section-specific,no,
nether.common.warning,Warning,nether,common,1,Section-specific,no,
nether.common.wave,Wave,nether,common,2,Merge Candidate,no,
nether.common.wide,Wide,nether,common,2,Merge Candidate,no,
nether.common.year,Year,nether,common,1,Section-specific,no,
nether.common.zoom,Zoom,nether,common,2,Merge Candidate,no,
sections.all.animation.image_behavior.label,Animation,sections,all,1,Section-specific,no,
sections.all.animation.image_behavior.options__1.label,None,sections,all,5,Shared (excluded — merchant/content/info/preset),no,
sections.all.animation.image_behavior.options__2.label,Ambient movement,sections,all,1,Section-specific,no,
sections.all.animation.image_behavior.options__3.label,Fixed background position,sections,all,1,Section-specific,no,
sections.all.animation.image_behavior.options__4.label,Zoom in on scroll,sections,all,1,Section-specific,no,
sections.all.colors.has_cards_info,"To change the card color scheme, update your theme settings.",sections,all,1,Section-specific,no,
sections.all.colors.label,Color scheme,sections,all,3,Shared (excluded — merchant/content/info/preset),no,
sections.all.heading_size.label,Heading size,sections,all,3,Shared (excluded — merchant/content/info/preset),no,
sections.all.heading_size.options__1.label,Small,sections,all,3,Shared (excluded — merchant/content/info/preset),no,
sections.all.heading_size.options__2.label,Medium,sections,all,3,Shared (excluded — merchant/content/info/preset),no,
sections.all.heading_size.options__3.label,Large,sections,all,3,Shared (excluded — merchant/content/info/preset),no,
sections.all.heading_size.options__4.label,Extra large,sections,all,2,Shared (excluded — merchant/content/info/preset),no,
sections.all.heading_size.options__5.label,Extra extra large,sections,all,2,Shared (excluded — merchant/content/info/preset),no,
sections.all.image_shape.label,Image shape,sections,all,2,Shared (excluded — merchant/content/info/preset),no,
sections.all.image_shape.options__1.label,Default,sections,all,3,Shared (excluded — merchant/content/info/preset),no,
sections.all.image_shape.options__2.label,Arch,sections,all,2,Shared (excluded — merchant/content/info/preset),no,
sections.all.image_shape.options__3.label,Blob,sections,all,2,Shared (excluded — merchant/content/info/preset),no,
sections.all.image_shape.options__4.label,Chevron left,sections,all,2,Shared (excluded — merchant/content/info/preset),no,
sections.all.image_shape.options__5.label,Chevron right,sections,all,2,Shared (excluded — merchant/content/info/preset),no,
sections.all.image_shape.options__6.label,Diamond,sections,all,2,Shared (excluded — merchant/content/info/preset),no,
sections.all.image_shape.options__7.label,Parallelogram,sections,all,2,Shared (excluded — merchant/content/info/preset),no,
sections.all.image_shape.options__8.label,Round,sections,all,2,Shared (excluded — merchant/content/info/preset),no,
sections.all.padding.padding_bottom,Bottom,sections,all,3,Shared (excluded — merchant/content/info/preset),no,
sections.all.padding.padding_top,Top,sections,all,3,Shared (excluded — merchant/content/info/preset),no,
sections.all.padding.section_padding_heading,Padding,sections,all,1,Section-specific,no,
sections.all.spacing,Spacing,sections,all,2,Shared (excluded — merchant/content/info/preset),no,
sections.announcement-bar.blocks.announcement.name,Announcement,sections,announcement-bar,1,Section-specific,no,
sections.announcement-bar.blocks.announcement.settings.cta_link.label,CTA URL,sections,announcement-bar,1,Section-specific,no,
sections.announcement-bar.blocks.announcement.settings.cta_text.label,CTA text,sections,announcement-bar,1,Section-specific,no,
sections.announcement-bar.blocks.announcement.settings.show_separator.label,Show separator,sections,announcement-bar,1,Section-specific,no,
sections.announcement-bar.blocks.announcement.settings.text.default,Welcome to our store,sections,announcement-bar,1,Section-specific,no,
sections.announcement-bar.name,Announcement bar,sections,announcement-bar,2,Merge Candidate,no,
sections.announcement-bar.presets.name,Announcement bar,sections,announcement-bar,2,Merge Candidate,no,
sections.announcement-bar.settings.auto_rotate.label,Auto rotate announcements,sections,announcement-bar,1,Section-specific,no,
sections.announcement-bar.settings.background_color.label,Background color,sections,announcement-bar,1,Section-specific,no,
sections.announcement-bar.settings.border_width.label,Border width,sections,announcement-bar,1,Section-specific,no,
sections.announcement-bar.settings.change_slides_speed.label,Change every,sections,announcement-bar,1,Section-specific,no,
sections.announcement-bar.settings.default_icon.label,Default icon,sections,announcement-bar,1,Section-specific,no,
sections.announcement-bar.settings.enable_announcement_bar.label,Enable announcement bar,sections,announcement-bar,1,Section-specific,no,
sections.announcement-bar.settings.enable_country_selector.info,[Manage countries/regions](/admin/settings/markets),sections,announcement-bar,3,Merge Candidate,no,
sections.announcement-bar.settings.enable_language_selector.info,[Manage languages](/admin/settings/languages),sections,announcement-bar,3,Merge Candidate,no,
sections.announcement-bar.settings.font_size.label,Font size,sections,announcement-bar,1,Section-specific,no,
sections.announcement-bar.settings.heading_utilities.content,Utilities,sections,announcement-bar,3,Shared (excluded — merchant/content/info/preset),no,
sections.announcement-bar.settings.layout.options__4.label,Icon + text,sections,announcement-bar,1,Section-specific,no,
sections.announcement-bar.settings.layout.options__5.label,Text + CTA,sections,announcement-bar,1,Section-specific,no,
sections.announcement-bar.settings.padding_y.label,Vertical padding,sections,announcement-bar,1,Section-specific,no,
sections.announcement-bar.settings.paragraph.content,Appear only on large screens,sections,announcement-bar,1,Section-specific,no,
sections.announcement-bar.settings.pause_on_hover.label,Pause on hover and focus,sections,announcement-bar,1,Section-specific,no,
sections.announcement-bar.settings.show_close_button.label,Show close button,sections,announcement-bar,1,Section-specific,no,
sections.announcement-bar.settings.show_countdown_placeholder.label,Reserve countdown placeholder,sections,announcement-bar,1,Section-specific,no,
sections.announcement-bar.settings.show_divider.label,Show utility divider,sections,announcement-bar,1,Section-specific,no,
sections.announcement-bar.settings.show_navigation.label,Show previous / next controls,sections,announcement-bar,1,Section-specific,no,
sections.announcement-bar.settings.show_social.info,[Manage social accounts](/editor?context=theme&category=social%20media),sections,announcement-bar,3,Merge Candidate,no,
sections.announcement-bar.settings.text_color.label,Text color,sections,announcement-bar,1,Section-specific,no,
sections.announcement-bar.settings.typography.options__4.label,Overline,sections,announcement-bar,1,Section-specific,no,
sections.apps.name,Apps,sections,apps,2,Merge Candidate,no,
sections.apps.presets.name,Apps,sections,apps,2,Merge Candidate,no,
sections.apps.settings.include_margins.label,Make section margins the same as theme,sections,apps,1,Section-specific,no,
sections.collage.blocks.collection.name,Collection,sections,collage,6,Shared (excluded — merchant/content/info/preset),no,
sections.collage.blocks.image.name,Image,sections,collage,8,Shared (excluded — merchant/content/info/preset),no,
sections.collage.blocks.product.name,Product,sections,collage,3,Shared (excluded — merchant/content/info/preset),no,
sections.collage.blocks.video.name,Video,sections,collage,7,Shared (excluded — merchant/content/info/preset),no,
sections.collage.blocks.video.settings.description.default,Describe the video,sections,collage,1,Section-specific,no,
sections.collage.blocks.video.settings.description.info,Describe the video for customers using screen readers. [Learn more](https://help.shopify.com/manual/online-store/themes/theme-structure/theme-features#video-block),sections,collage,1,Section-specific,no,
sections.collage.blocks.video.settings.video_url.info,Video plays in a pop-up if the section contains other blocks.,sections,collage,1,Section-specific,no,
sections.collage.blocks.video.settings.video_url.placeholder,Use a YouTube or Vimeo URL,sections,collage,2,Shared (excluded — merchant/content/info/preset),no,
sections.collage.name,Collage,sections,collage,3,Shared (excluded — merchant/content/info/preset),no,
sections.collage.presets.name,Collage,sections,collage,3,Shared (excluded — merchant/content/info/preset),no,
sections.collage.settings.card_styles.info,Manage individual card styles in [theme settings](/editor?context=theme&category=product%20cards),sections,collage,1,Section-specific,no,
sections.collage.settings.card_styles.options__1.label,Use individual card styles,sections,collage,1,Section-specific,no,
sections.collage.settings.card_styles.options__2.label,Style all as product cards,sections,collage,1,Section-specific,no,
sections.collage.settings.desktop_layout.options__1.label,Large block first,sections,collage,1,Section-specific,no,
sections.collage.settings.desktop_layout.options__2.label,Large block last,sections,collage,1,Section-specific,no,
sections.collage.settings.header_layout.content,Layout,sections,collage,11,Shared (excluded — merchant/content/info/preset),no,
sections.collage.settings.heading.default,Multimedia collage,sections,collage,1,Section-specific,no,
sections.collapsible_content.blocks.collapsible_row.name,Collapsible row,sections,collapsible_content,5,Shared (excluded — merchant/content/info/preset),no,
sections.collapsible_content.blocks.collapsible_row.settings.heading.default,Collapsible row,sections,collapsible_content,5,Shared (excluded — merchant/content/info/preset),no,
sections.collapsible_content.name,Collapsible content,sections,collapsible_content,3,Merge Candidate,no,
sections.collapsible_content.presets.name,Collapsible content,sections,collapsible_content,3,Merge Candidate,no,
sections.collapsible_content.settings.header.content,Image,sections,collapsible_content,8,Shared (excluded — merchant/content/info/preset),no,
sections.collapsible_content.settings.heading.default,Collapsible content,sections,collapsible_content,3,Merge Candidate,no,
sections.collapsible_content.settings.heading_alignment.label,Heading alignment,sections,collapsible_content,1,Section-specific,no,
sections.collapsible_content.settings.layout.options__1.label,No container,sections,collapsible_content,1,Section-specific,no,
sections.collapsible_content.settings.layout.options__2.label,Row container,sections,collapsible_content,1,Section-specific,no,
sections.collapsible_content.settings.layout.options__3.label,Section container,sections,collapsible_content,1,Section-specific,no,
sections.collapsible_content.settings.layout_header.content,Layout,sections,collapsible_content,11,Shared (excluded — merchant/content/info/preset),no,
sections.collapsible_content.settings.open_first_collapsible_row.label,Open first row,sections,collapsible_content,1,Section-specific,no,
sections.collapsible_content.settings.section_color_scheme.label,Section color scheme,sections,collapsible_content,1,Section-specific,no,
sections.collection-list.blocks.featured_collection.name,Collection,sections,collection-list,6,Shared (excluded — merchant/content/info/preset),no,
sections.collection-list.name,Collection list,sections,collection-list,2,Merge Candidate,no,
sections.collection-list.presets.name,Collection list,sections,collection-list,2,Merge Candidate,no,
sections.collection-list.settings.columns_mobile.options__1.label,1,sections,collection-list,9,Section-specific (literal),no,
sections.collection-list.settings.columns_mobile.options__2.label,2,sections,collection-list,9,Section-specific (literal),no,
sections.collection-list.settings.header_layout.content,Layout,sections,collection-list,11,Shared (excluded — merchant/content/info/preset),no,
sections.collection-list.settings.header_mobile.content,Mobile layout,sections,collection-list,8,Shared (excluded — merchant/content/info/preset),no,
sections.collection-list.settings.show_view_all.info,Visible if list has more collections than shown,sections,collection-list,1,Section-specific,no,
sections.collection-list.settings.title.default,Collections,sections,collection-list,3,Shared (excluded — merchant/content/info/preset),no,
sections.contact-form.name,Contact Form,sections,contact-form,1,Section-specific,no,
sections.contact-form.presets.name,Contact form,sections,contact-form,2,Merge Candidate,no,
sections.contact-form.settings.title.default,Contact form,sections,contact-form,2,Merge Candidate,no,
sections.custom-liquid.name,Custom Liquid,sections,custom-liquid,2,Merge Candidate,no,
sections.custom-liquid.presets.name,Custom Liquid,sections,custom-liquid,2,Merge Candidate,no,
sections.custom-liquid.settings.custom_liquid.info,Add app snippets or other code to create advanced customizations. [Learn more](https://shopify.dev/docs/api/liquid),sections,custom-liquid,1,Section-specific,no,
sections.custom-liquid.settings.custom_liquid.label,Liquid code,sections,custom-liquid,1,Section-specific,no,
sections.disclosures.name,Disclosures,sections,disclosures,1,Section-specific,no,
sections.disclosures.settings.paragraph.content,Required safety warnings and regulatory disclosures for this product.,sections,disclosures,1,Section-specific,no,
sections.email-signup-banner.blocks.email_form.name,Email form,sections,email-signup-banner,2,Shared (excluded — merchant/content/info/preset),no,
sections.email-signup-banner.blocks.heading.name,Heading,sections,email-signup-banner,18,Shared (excluded — merchant/content/info/preset),no,
sections.email-signup-banner.blocks.heading.settings.heading.default,Opening soon,sections,email-signup-banner,1,Section-specific,no,
sections.email-signup-banner.blocks.paragraph.name,Text,sections,email-signup-banner,20,Shared (excluded — merchant/content/info/preset),no,
sections.email-signup-banner.blocks.paragraph.settings.paragraph.default,<p>Be the first to know when we launch.</p>,sections,email-signup-banner,1,Section-specific,no,
sections.email-signup-banner.name,Email signup banner,sections,email-signup-banner,2,Merge Candidate,no,
sections.email-signup-banner.presets.name,Email signup banner,sections,email-signup-banner,2,Merge Candidate,no,
sections.email-signup-banner.settings.color_scheme.info,Visible when container displayed.,sections,email-signup-banner,1,Section-specific,no,
sections.email-signup-banner.settings.content_header.content,Content,sections,email-signup-banner,13,Shared (excluded — merchant/content/info/preset),no,
sections.email-signup-banner.settings.header.content,Mobile layout,sections,email-signup-banner,8,Shared (excluded — merchant/content/info/preset),no,
sections.email-signup-banner.settings.paragraph.content,Signups add [customer profiles](https://help.shopify.com/manual/customers/manage-customers),sections,email-signup-banner,3,Merge Candidate,no,
sections.email-signup-banner.settings.show_background_image.label,Show background image,sections,email-signup-banner,1,Section-specific,no,
sections.featured-blog.name,Blog posts,sections,featured-blog,4,Shared (excluded — merchant/content/info/preset),no,
sections.featured-blog.presets.name,Blog posts,sections,featured-blog,4,Shared (excluded — merchant/content/info/preset),no,
sections.featured-blog.settings.blog.label,Blog,sections,featured-blog,1,Section-specific,no,
sections.featured-blog.settings.heading.default,Blog posts,sections,featured-blog,4,Shared (excluded — merchant/content/info/preset),no,
sections.featured-blog.settings.layout_header.content,Layout,sections,featured-blog,11,Shared (excluded — merchant/content/info/preset),no,
sections.featured-blog.settings.post_limit.label,Post count,sections,featured-blog,1,Section-specific,no,
sections.featured-blog.settings.show_view_all.info,Visible if blog has more posts than shown,sections,featured-blog,1,Section-specific,no,
sections.featured-blog.settings.text_header.content,Text,sections,featured-blog,20,Shared (excluded — merchant/content/info/preset),no,
sections.featured-collection.name,Featured collection,sections,featured-collection,5,Shared (excluded — merchant/content/info/preset),no,
sections.featured-collection.presets.name,Featured collection,sections,featured-collection,5,Shared (excluded — merchant/content/info/preset),no,
sections.featured-collection.settings.columns_mobile.options__1.label,1,sections,featured-collection,9,Section-specific (literal),no,
sections.featured-collection.settings.columns_mobile.options__2.label,2,sections,featured-collection,9,Section-specific (literal),no,
sections.featured-collection.settings.full_width.label,Full width products,sections,featured-collection,1,Section-specific,no,
sections.featured-collection.settings.header.content,Product card,sections,featured-collection,5,Shared (excluded — merchant/content/info/preset),no,
sections.featured-collection.settings.header_collection.content,Collection layout,sections,featured-collection,1,Section-specific,no,
sections.featured-collection.settings.header_mobile.content,Mobile layout,sections,featured-collection,8,Shared (excluded — merchant/content/info/preset),no,
sections.featured-collection.settings.header_text.content,Text,sections,featured-collection,20,Shared (excluded — merchant/content/info/preset),no,
sections.featured-collection.settings.show_description.label,Show collection description from admin,sections,featured-collection,1,Section-specific,no,
sections.featured-collection.settings.show_rating.info,An app is required for ratings. [Learn more](https://help.shopify.com/manual/online-store/themes/theme-structure/theme-features#featured-collection-show-product-rating),sections,featured-collection,1,Section-specific,no,
sections.featured-collection.settings.show_view_all.info,Visible if collection has more products than shown,sections,featured-collection,1,Section-specific,no,
sections.featured-collection.settings.title.default,Featured collection,sections,featured-collection,5,Shared (excluded — merchant/content/info/preset),no,
sections.featured-collection.settings.view_all_style.label,"""View all"" style",sections,featured-collection,1,Section-specific,no,
sections.featured-product.blocks.buy_buttons.name,Buy buttons,sections,featured-product,2,Shared (excluded — merchant/content/info/preset),no,
sections.featured-product.blocks.buy_buttons.settings.show_dynamic_checkout.info,Customers will see their preferred payment option. [Learn more](https://help.shopify.com/manual/using-themes/change-the-layout/dynamic-checkout),sections,featured-product,2,Merge Candidate,no,
sections.featured-product.blocks.price.name,Price,sections,featured-product,2,Shared (excluded — merchant/content/info/preset),no,
sections.featured-product.blocks.quantity_selector.name,Quantity selector,sections,featured-product,2,Shared (excluded — merchant/content/info/preset),no,
sections.featured-product.blocks.rating.name,Product rating,sections,featured-product,3,Shared (excluded — merchant/content/info/preset),no,
sections.featured-product.blocks.rating.settings.paragraph.content,An app is required for product ratings. [Learn more](https://help.shopify.com/manual/online-store/themes/theme-structure/theme-features#featured-product-rating),sections,featured-product,1,Section-specific,no,
sections.featured-product.blocks.share.name,Share,sections,featured-product,6,Shared (excluded — merchant/content/info/preset),no,
sections.featured-product.blocks.share.settings.text.default,Share,sections,featured-product,6,Shared (excluded — merchant/content/info/preset),no,
sections.featured-product.blocks.sku.name,SKU,sections,featured-product,2,Shared (excluded — merchant/content/info/preset),no,
sections.featured-product.blocks.text.name,Text,sections,featured-product,20,Shared (excluded — merchant/content/info/preset),no,
sections.featured-product.blocks.text.settings.text.default,Text block,sections,featured-product,2,Shared (excluded — merchant/content/info/preset),no,
sections.featured-product.blocks.title.name,Title,sections,featured-product,5,Shared (excluded — merchant/content/info/preset),no,
sections.featured-product.blocks.variant_picker.name,Variant picker,sections,featured-product,2,Shared (excluded — merchant/content/info/preset),no,
sections.featured-product.blocks.variant_picker.settings.swatch_shape.info,Learn more about [swatches](https://help.shopify.com/en/manual/online-store/themes/theme-structure/theme-settings#options-with-swatches) on product options,sections,featured-product,2,Merge Candidate,no,
sections.featured-product.name,Featured product,sections,featured-product,3,Shared (excluded — merchant/content/info/preset),no,
sections.featured-product.presets.name,Featured product,sections,featured-product,3,Shared (excluded — merchant/content/info/preset),no,
sections.featured-product.settings.header.content,Media,sections,featured-product,8,Shared (excluded — merchant/content/info/preset),no,
sections.footer.blocks.brand_information.name,Brand information,sections,footer,2,Shared (excluded — merchant/content/info/preset),no,
sections.footer.blocks.brand_information.settings.paragraph.content,Manage brand info in [theme settings](/editor?context=theme&category=brand%20information),sections,footer,1,Section-specific,no,
sections.footer.blocks.brand_information.settings.show_social.info,[Manage social accounts](/editor?context=theme&category=social%20media),sections,footer,3,Merge Candidate,no,
sections.footer.blocks.link_list.name,Menu,sections,footer,2,Shared (excluded — merchant/content/info/preset),no,
sections.footer.blocks.link_list.settings.heading.default,Quick links,sections,footer,1,Section-specific,no,
sections.footer.blocks.text.name,Text,sections,footer,20,Shared (excluded — merchant/content/info/preset),no,
sections.footer.blocks.text.settings.heading.default,Heading,sections,footer,18,Shared (excluded — merchant/content/info/preset),no,
sections.footer.blocks.text.settings.subtext.default,"<p>Share contact information, store details, and brand content with your customers.</p>",sections,footer,1,Section-specific,no,
sections.footer.blocks.text.settings.subtext.label,Subtext,sections,footer,1,Section-specific,no,
sections.footer.name,Footer,sections,footer,2,Shared (excluded — merchant/content/info/preset),no,
sections.footer.settings.enable_country_selector.info,[Manage countries/regions](/admin/settings/markets),sections,footer,3,Merge Candidate,no,
sections.footer.settings.enable_follow_on_shop.info,Shop Pay must be enabled. [Learn more](https://help.shopify.com/manual/online-store/themes/customizing-themes/follow-on-shop),sections,footer,1,Section-specific,no,
sections.footer.settings.enable_follow_on_shop.label,Follow on Shop,sections,footer,1,Section-specific,no,
sections.footer.settings.enable_language_selector.info,[Manage languages](/admin/settings/languages),sections,footer,3,Merge Candidate,no,
sections.footer.settings.header__1.content,Email signup,sections,footer,4,Shared (excluded — merchant/content/info/preset),no,
sections.footer.settings.header__1.info,Signups add [customer profiles](https://help.shopify.com/manual/customers/manage-customers),sections,footer,3,Merge Candidate,no,
sections.footer.settings.header__9.content,Utilities,sections,footer,3,Shared (excluded — merchant/content/info/preset),no,
sections.footer.settings.margin_top.label,Top margin,sections,footer,1,Section-specific,no,
sections.footer.settings.newsletter_heading.default,Subscribe to our emails,sections,footer,3,Shared (excluded — merchant/content/info/preset),no,
sections.footer.settings.payment_enable.label,Payment method icons,sections,footer,1,Section-specific,no,
sections.footer.settings.show_policy.info,[Manage policies](/admin/settings/legal),sections,footer,1,Section-specific,no,
sections.footer.settings.show_policy.label,Policy links,sections,footer,1,Section-specific,no,
sections.footer.settings.show_social.info,[Manage social accounts](/editor?context=theme&category=social%20media),sections,footer,3,Merge Candidate,no,
sections.header.blocks.mega_menu_collection_card.name,Collection card,sections,header,1,Section-specific,no,
sections.header.blocks.mega_menu_common.column_span.label,Column span,sections,header,1,Section-specific,no,
sections.header.blocks.mega_menu_common.menu_item.info,Match the top-level menu item handle or title (e.g. shop or Shop).,sections,header,1,Section-specific,no,
sections.header.blocks.mega_menu_common.menu_item.label,Menu item,sections,header,2,Merge Candidate,no,
sections.header.blocks.mega_menu_editorial.name,Editorial content,sections,header,2,Shared (excluded — merchant/content/info/preset),no,
sections.header.blocks.mega_menu_html_block.name,Custom HTML,sections,header,5,Shared (excluded — merchant/content/info/preset),no,
sections.header.blocks.mega_menu_image_card.name,Image card,sections,header,1,Section-specific,no,
sections.header.blocks.mega_menu_nav_links.name,Navigation links,sections,header,1,Section-specific,no,
sections.header.blocks.mega_menu_nav_links.settings.column_icon.label,Column icon image,sections,header,1,Section-specific,no,
sections.header.blocks.mega_menu_nav_links.settings.heading.label,Column heading,sections,header,1,Section-specific,no,
sections.header.blocks.mega_menu_nav_links.settings.icon_name.label,Default icon name,sections,header,1,Section-specific,no,
sections.header.blocks.mega_menu_nav_links.settings.menu_handle.info,Optional. Show links from a specific child menu handle instead of all top-level children.,sections,header,1,Section-specific,no,
sections.header.blocks.mega_menu_nav_links.settings.menu_handle.label,Submenu handle,sections,header,1,Section-specific,no,
sections.header.blocks.mega_menu_nav_links.settings.menu_item.info,Match the top-level menu item handle or title.,sections,header,1,Section-specific,no,
sections.header.blocks.mega_menu_nav_links.settings.menu_item.label,Menu item,sections,header,2,Merge Candidate,no,
sections.header.blocks.mega_menu_nav_links.settings.show_link_icons.label,Show category icons,sections,header,1,Section-specific,no,
sections.header.blocks.mega_menu_promotion.name,Promotion banner,sections,header,1,Section-specific,no,
sections.header.blocks.mega_menu_promotion.settings.badge.label,Badge,sections,header,1,Section-specific,no,
sections.header.blocks.mm_featured_collection.name,Featured collection,sections,header,5,Shared (excluded — merchant/content/info/preset),no,
sections.header.blocks.mm_featured_products.name,Featured products,sections,header,2,Shared (excluded — merchant/content/info/preset),no,
sections.header.blocks.mm_featured_products.settings.product_list.label,Products,sections,header,1,Section-specific,no,
sections.header.name,Header,sections,header,1,Section-specific,no,
sections.header.settings.enable_country_selector.info,[Manage countries/regions](/admin/settings/markets),sections,header,3,Merge Candidate,no,
sections.header.settings.enable_customer_avatar.info,Only visible when customers are signed in with Shop. [Manage customer accounts](/admin/settings/customer_accounts),sections,header,1,Section-specific,no,
sections.header.settings.enable_customer_avatar.label,Customer account avatar,sections,header,1,Section-specific,no,
sections.header.settings.enable_language_selector.info,[Manage languages](/admin/settings/languages),sections,header,3,Merge Candidate,no,
sections.header.settings.header__1.content,Color,sections,header,1,Section-specific,no,
sections.header.settings.header__utilities.content,Utilities,sections,header,3,Shared (excluded — merchant/content/info/preset),no,
sections.header.settings.logo_help.content,Edit your logo in [theme settings](/editor?context=theme&category=logo),sections,header,2,Merge Candidate,no,
sections.header.settings.logo_position.label,Logo position,sections,header,1,Section-specific,no,
sections.header.settings.margin_bottom.label,Bottom margin,sections,header,1,Section-specific,no,
sections.header.settings.menu_color_scheme.label,Menu color scheme,sections,header,1,Section-specific,no,
sections.header.settings.menu_type_desktop.label,Menu type,sections,header,1,Section-specific,no,
sections.header.settings.menu_type_desktop.options__2.label,Mega menu,sections,header,1,Section-specific,no,
sections.header.settings.mobile_logo_position.label,Mobile logo position,sections,header,1,Section-specific,no,
sections.header.settings.nether_announcement_integration.info,Syncs header offset with the Nether announcement bar.,sections,header,1,Section-specific,no,
sections.header.settings.nether_announcement_integration.label,Announcement bar integration,sections,header,1,Section-specific,no,
sections.header.settings.nether_behavior_desktop.label,Enable on desktop,sections,header,7,Merge Candidate,no,
sections.header.settings.nether_behavior_mobile.label,Enable on mobile,sections,header,6,Merge Candidate,no,
sections.header.settings.nether_behavior_tablet.label,Enable on tablet,sections,header,6,Merge Candidate,no,
sections.header.settings.nether_compare.content,Nether compare,sections,header,1,Section-specific,no,
sections.header.settings.nether_compare_button_style.label,Compare button style,sections,header,1,Section-specific,no,
sections.header.settings.nether_compare_button_style.options__3.label,Outlined,sections,header,2,Merge Candidate,no,
sections.header.settings.nether_compare_desktop.label,Enable on desktop,sections,header,7,Merge Candidate,no,
sections.header.settings.nether_compare_drawer_style.label,Compare drawer style,sections,header,1,Section-specific,no,
sections.header.settings.nether_compare_drawer_width.label,Drawer width,sections,header,4,Merge Candidate,no,
sections.header.settings.nether_compare_enable_overlay.label,Enable drawer overlay,sections,header,2,Merge Candidate,no,
sections.header.settings.nether_compare_mobile.label,Enable on mobile,sections,header,6,Merge Candidate,no,
sections.header.settings.nether_compare_page_url.info,"Create a page using the page.compare template, then select it here.",sections,header,1,Section-specific,no,
sections.header.settings.nether_compare_page_url.label,Compare page,sections,header,1,Section-specific,no,
sections.header.settings.nether_compare_tablet.label,Enable on tablet,sections,header,6,Merge Candidate,no,
sections.header.settings.nether_drawer_contact_email.label,Contact email,sections,header,1,Section-specific,no,
sections.header.settings.nether_drawer_contact_phone.label,Contact phone,sections,header,1,Section-specific,no,
sections.header.settings.nether_drawer_contact_text.label,Contact text,sections,header,1,Section-specific,no,
sections.header.settings.nether_drawer_desktop.label,Enable on desktop,sections,header,7,Merge Candidate,no,
sections.header.settings.nether_drawer_enable_contact.label,Enable contact information,sections,header,1,Section-specific,no,
sections.header.settings.nether_drawer_enable_overlay.label,Enable overlay,sections,header,3,Merge Candidate,no,
sections.header.settings.nether_drawer_enable_secondary_menu.label,Enable secondary menu,sections,header,1,Section-specific,no,
sections.header.settings.nether_drawer_enable_social.label,Enable social icons,sections,header,1,Section-specific,no,
sections.header.settings.nether_drawer_mobile.label,Enable on mobile,sections,header,6,Merge Candidate,no,
sections.header.settings.nether_drawer_position.label,Drawer position,sections,header,1,Section-specific,no,
sections.header.settings.nether_drawer_secondary_menu.info,Enter a navigation menu handle (Online Store → Navigation). Only one menu picker is allowed in Header settings because this section supports app blocks.,sections,header,2,Merge Candidate,no,
sections.header.settings.nether_drawer_secondary_menu.label,Secondary menu,sections,header,2,Merge Candidate,no,
sections.header.settings.nether_drawer_tablet.label,Enable on tablet,sections,header,6,Merge Candidate,no,
sections.header.settings.nether_drawer_width.label,Drawer width,sections,header,4,Merge Candidate,no,
sections.header.settings.nether_enable_auto_hide.info,Hides the header when scrolling down and reveals it when scrolling up.,sections,header,1,Section-specific,no,
sections.header.settings.nether_enable_auto_hide.label,Auto hide on scroll,sections,header,1,Section-specific,no,
sections.header.settings.nether_enable_compare.info,"Loads the Premium Compare drawer, count, attribute table, and persistence shell. Pair with Show compare.",sections,header,1,Section-specific,no,
sections.header.settings.nether_enable_compare.label,Enable compare framework,sections,header,1,Section-specific,no,
sections.header.settings.nether_enable_glass.info,Requires transparent header. Applies glass styling when the header becomes solid on scroll.,sections,header,1,Section-specific,no,
sections.header.settings.nether_enable_glass.label,Glass effect on scroll,sections,header,1,Section-specific,no,
sections.header.settings.nether_enable_mega_menu.info,Replaces the Dawn mega menu with the Nether premium mega menu framework when desktop menu type is set to Mega menu.,sections,header,1,Section-specific,no,
sections.header.settings.nether_enable_mega_menu.label,Enable premium mega menu,sections,header,1,Section-specific,no,
sections.header.settings.nether_enable_mobile_drawer.info,"Premium mobile navigation drawer with overlay, animations, and footer utilities.",sections,header,1,Section-specific,no,
sections.header.settings.nether_enable_mobile_drawer.label,Enable mobile drawer,sections,header,1,Section-specific,no,
sections.header.settings.nether_enable_quick_view.info,Loads the Premium Quick View modal and commerce shell. Enable card triggers on collection and product showcase sections.,sections,header,1,Section-specific,no,
sections.header.settings.nether_enable_quick_view.label,Enable quick view framework,sections,header,1,Section-specific,no,
sections.header.settings.nether_enable_search_drawer.info,Replaces the Dawn search modal with the Nether premium search drawer.,sections,header,1,Section-specific,no,
sections.header.settings.nether_enable_search_drawer.label,Enable search drawer,sections,header,1,Section-specific,no,
sections.header.settings.nether_enable_shrink.label,Enable header shrink,sections,header,1,Section-specific,no,
sections.header.settings.nether_enable_sticky.label,Enable sticky header,sections,header,1,Section-specific,no,
sections.header.settings.nether_enable_transparent.label,Transparent header,sections,header,1,Section-specific,no,
sections.header.settings.nether_enable_wishlist.info,"Loads the Premium Wishlist drawer, count, and persistence shell. Pair with Show wishlist.",sections,header,1,Section-specific,no,
sections.header.settings.nether_enable_wishlist.label,Enable wishlist framework,sections,header,1,Section-specific,no,
sections.header.settings.nether_header_behavior.content,Nether header behavior,sections,header,1,Section-specific,no,
sections.header.settings.nether_header_border.label,Border style,sections,header,1,Section-specific,no,
sections.header.settings.nether_header_border.options__2.label,Subtle,sections,header,1,Section-specific,no,
sections.header.settings.nether_header_framework.content,Nether header framework,sections,header,1,Section-specific,no,
sections.header.settings.nether_header_gap.label,Navigation gap,sections,header,1,Section-specific,no,
sections.header.settings.nether_header_height.label,Header height,sections,header,1,Section-specific,no,
sections.header.settings.nether_header_layout.info,Standard layout uses the logo position setting below.,sections,header,1,Section-specific,no,
sections.header.settings.nether_header_layout.label,Header layout,sections,header,1,Section-specific,no,
sections.header.settings.nether_header_layout.options__2.label,Center logo,sections,header,1,Section-specific,no,
sections.header.settings.nether_header_layout.options__3.label,Left logo,sections,header,1,Section-specific,no,
sections.header.settings.nether_header_layout.options__4.label,Split navigation,sections,header,1,Section-specific,no,
sections.header.settings.nether_header_shadow.options__2.label,Extra small,sections,header,1,Section-specific,no,
sections.header.settings.nether_header_spacing.label,Header spacing,sections,header,1,Section-specific,no,
sections.header.settings.nether_logo_width.info,Set to 0 to use the logo width from theme settings.,sections,header,1,Section-specific,no,
sections.header.settings.nether_mega_column_count.info,Used when layout type is Auto to cap the column count.,sections,header,1,Section-specific,no,
sections.header.settings.nether_mega_column_count.label,Maximum columns,sections,header,1,Section-specific,no,
sections.header.settings.nether_mega_desktop.label,Enable on desktop,sections,header,7,Merge Candidate,no,
sections.header.settings.nether_mega_enable_collection_cards.label,Enable collection cards,sections,header,1,Section-specific,no,
sections.header.settings.nether_mega_enable_featured_products.label,Enable featured products,sections,header,1,Section-specific,no,
sections.header.settings.nether_mega_enable_footer.label,Enable footer area,sections,header,1,Section-specific,no,
sections.header.settings.nether_mega_enable_images.label,Enable images,sections,header,1,Section-specific,no,
sections.header.settings.nether_mega_enable_overlay.label,Enable overlay,sections,header,3,Merge Candidate,no,
sections.header.settings.nether_mega_enable_promotion.label,Enable promotion card,sections,header,1,Section-specific,no,
sections.header.settings.nether_mega_enable_secondary_nav.label,Enable secondary navigation,sections,header,1,Section-specific,no,
sections.header.settings.nether_mega_footer_link.label,Footer link,sections,header,1,Section-specific,no,
sections.header.settings.nether_mega_footer_link_label.label,Footer link label,sections,header,1,Section-specific,no,
sections.header.settings.nether_mega_footer_text.label,Footer text,sections,header,1,Section-specific,no,
sections.header.settings.nether_mega_layout_type.label,Layout type,sections,header,1,Section-specific,no,
sections.header.settings.nether_mega_menu.content,Nether premium mega menu,sections,header,1,Section-specific,no,
sections.header.settings.nether_mega_secondary_menu.info,Enter a navigation menu handle (Online Store → Navigation). Only one menu picker is allowed in Header settings because this section supports app blocks.,sections,header,2,Merge Candidate,no,
sections.header.settings.nether_mega_secondary_menu.label,Secondary menu,sections,header,2,Merge Candidate,no,
sections.header.settings.nether_mega_tablet.label,Enable on tablet,sections,header,6,Merge Candidate,no,
sections.header.settings.nether_mobile_drawer.content,Nether mobile navigation drawer,sections,header,1,Section-specific,no,
sections.header.settings.nether_mobile_layout.options__3.label,Icons only,sections,header,1,Section-specific,no,
sections.header.settings.nether_quick_view.content,Nether quick view,sections,header,1,Section-specific,no,
sections.header.settings.nether_quick_view_desktop.label,Enable on desktop,sections,header,7,Merge Candidate,no,
sections.header.settings.nether_quick_view_enable_glass.label,Enable glass modal panel,sections,header,1,Section-specific,no,
sections.header.settings.nether_quick_view_enable_overlay.label,Enable modal overlay,sections,header,1,Section-specific,no,
sections.header.settings.nether_quick_view_gallery_layout.label,Gallery layout,sections,header,1,Section-specific,no,
sections.header.settings.nether_quick_view_gallery_layout.options__2.label,Media focus,sections,header,1,Section-specific,no,
sections.header.settings.nether_quick_view_highlights.label,Highlights content,sections,header,1,Section-specific,no,
sections.header.settings.nether_quick_view_info_layout.label,Information layout,sections,header,1,Section-specific,no,
sections.header.settings.nether_quick_view_mobile.label,Enable on mobile,sections,header,6,Merge Candidate,no,
sections.header.settings.nether_quick_view_modal_style.label,Modal style,sections,header,1,Section-specific,no,
sections.header.settings.nether_quick_view_modal_width.label,Modal width,sections,header,1,Section-specific,no,
sections.header.settings.nether_quick_view_show_compare.label,Show compare in quick view,sections,header,1,Section-specific,no,
sections.header.settings.nether_quick_view_show_highlights.label,Show highlights,sections,header,1,Section-specific,no,
sections.header.settings.nether_quick_view_show_quick_actions.label,Show quick actions,sections,header,1,Section-specific,no,
sections.header.settings.nether_quick_view_show_share.label,Show share,sections,header,1,Section-specific,no,
sections.header.settings.nether_quick_view_show_trust.label,Show trust area,sections,header,1,Section-specific,no,
sections.header.settings.nether_quick_view_show_wishlist.label,Show wishlist in quick view,sections,header,1,Section-specific,no,
sections.header.settings.nether_quick_view_tablet.label,Enable on tablet,sections,header,6,Merge Candidate,no,
sections.header.settings.nether_scroll_threshold.info,Distance from the top of the page before scroll behaviors activate.,sections,header,1,Section-specific,no,
sections.header.settings.nether_scroll_threshold.label,Scroll threshold,sections,header,1,Section-specific,no,
sections.header.settings.nether_search_desktop.label,Enable on desktop,sections,header,7,Merge Candidate,no,
sections.header.settings.nether_search_drawer.content,Nether search drawer,sections,header,1,Section-specific,no,
sections.header.settings.nether_search_drawer_width.label,Drawer width,sections,header,4,Merge Candidate,no,
sections.header.settings.nether_search_enable_articles.label,Enable articles,sections,header,1,Section-specific,no,
sections.header.settings.nether_search_enable_collections.label,Enable collections,sections,header,1,Section-specific,no,
sections.header.settings.nether_search_enable_overlay.label,Enable overlay,sections,header,3,Merge Candidate,no,
sections.header.settings.nether_search_enable_pages.label,Enable pages,sections,header,1,Section-specific,no,
sections.header.settings.nether_search_max_results.label,Maximum results,sections,header,1,Section-specific,no,
sections.header.settings.nether_search_mobile.label,Enable on mobile,sections,header,6,Merge Candidate,no,
sections.header.settings.nether_search_placeholder.info,Shows a non-interactive search icon when the search drawer is disabled.,sections,header,1,Section-specific,no,
sections.header.settings.nether_search_placeholder.label,Search icon placeholder,sections,header,1,Section-specific,no,
sections.header.settings.nether_search_predictive.label,Enable predictive search,sections,header,1,Section-specific,no,
sections.header.settings.nether_search_show_footer.label,Show search footer,sections,header,1,Section-specific,no,
sections.header.settings.nether_show_compare_placeholder.label,Show compare,sections,header,1,Section-specific,no,
sections.header.settings.nether_show_wishlist_placeholder.label,Show wishlist,sections,header,1,Section-specific,no,
sections.header.settings.nether_shrink_height.label,Shrink height,sections,header,1,Section-specific,no,
sections.header.settings.nether_wishlist.content,Nether wishlist,sections,header,1,Section-specific,no,
sections.header.settings.nether_wishlist_button_style.label,Wishlist button style,sections,header,1,Section-specific,no,
sections.header.settings.nether_wishlist_button_style.options__3.label,Outlined,sections,header,2,Merge Candidate,no,
sections.header.settings.nether_wishlist_desktop.label,Enable on desktop,sections,header,7,Merge Candidate,no,
sections.header.settings.nether_wishlist_drawer_style.label,Wishlist drawer style,sections,header,1,Section-specific,no,
sections.header.settings.nether_wishlist_drawer_width.label,Drawer width,sections,header,4,Merge Candidate,no,
sections.header.settings.nether_wishlist_enable_overlay.label,Enable drawer overlay,sections,header,2,Merge Candidate,no,
sections.header.settings.nether_wishlist_mobile.label,Enable on mobile,sections,header,6,Merge Candidate,no,
sections.header.settings.nether_wishlist_page_url.info,"Create a page using the page.wishlist template, then select it here.",sections,header,1,Section-specific,no,
sections.header.settings.nether_wishlist_page_url.label,Wishlist page,sections,header,1,Section-specific,no,
sections.header.settings.nether_wishlist_tablet.label,Enable on tablet,sections,header,6,Merge Candidate,no,
sections.header.settings.show_line_separator.label,Separator line,sections,header,1,Section-specific,no,
sections.header.settings.sticky_header_type.label,Sticky header,sections,header,1,Section-specific,no,
sections.header.settings.sticky_header_type.options__2.label,On scroll up,sections,header,1,Section-specific,no,
sections.header.settings.sticky_header_type.options__3.label,Always,sections,header,1,Section-specific,no,
sections.header.settings.sticky_header_type.options__4.label,"Always, reduce logo size",sections,header,1,Section-specific,no,
sections.image-banner.blocks.buttons.name,Buttons,sections,image-banner,7,Shared (excluded — merchant/content/info/preset),no,
sections.image-banner.blocks.buttons.settings.button_label_1.default,Button label,sections,image-banner,9,Shared (excluded — merchant/content/info/preset),no,
sections.image-banner.blocks.buttons.settings.button_label_1.info,Leave blank to hide,sections,image-banner,8,Shared (excluded — merchant/content/info/preset),no,
sections.image-banner.blocks.buttons.settings.button_label_2.default,Button label,sections,image-banner,9,Shared (excluded — merchant/content/info/preset),no,
sections.image-banner.blocks.buttons.settings.button_label_2.info,Leave blank to hide,sections,image-banner,8,Shared (excluded — merchant/content/info/preset),no,
sections.image-banner.blocks.buttons.settings.header_1.content,Button 1,sections,image-banner,2,Shared (excluded — merchant/content/info/preset),no,
sections.image-banner.blocks.buttons.settings.header_2.content,Button 2,sections,image-banner,2,Shared (excluded — merchant/content/info/preset),no,
sections.image-banner.blocks.heading.name,Heading,sections,image-banner,18,Shared (excluded — merchant/content/info/preset),no,
sections.image-banner.blocks.heading.settings.heading.default,Image banner,sections,image-banner,3,Merge Candidate,no,
sections.image-banner.blocks.text.name,Text,sections,image-banner,20,Shared (excluded — merchant/content/info/preset),no,
sections.image-banner.blocks.text.settings.text.default,Give customers details about the banner image(s) or content on the template.,sections,image-banner,1,Section-specific,no,
sections.image-banner.name,Image banner,sections,image-banner,3,Merge Candidate,no,
sections.image-banner.presets.name,Image banner,sections,image-banner,3,Merge Candidate,no,
sections.image-banner.settings.content.content,Content,sections,image-banner,13,Shared (excluded — merchant/content/info/preset),no,
sections.image-banner.settings.image.label,Image 1,sections,image-banner,1,Section-specific,no,
sections.image-banner.settings.image_2.label,Image 2,sections,image-banner,1,Section-specific,no,
sections.image-banner.settings.mobile.content,Mobile layout,sections,image-banner,8,Shared (excluded — merchant/content/info/preset),no,
sections.image-banner.settings.stack_images_on_mobile.label,Stack images,sections,image-banner,1,Section-specific,no,
sections.image-with-text.blocks.button.name,Button,sections,image-with-text,4,Shared (excluded — merchant/content/info/preset),no,
sections.image-with-text.blocks.button.settings.button_label.default,Button label,sections,image-with-text,9,Shared (excluded — merchant/content/info/preset),no,
sections.image-with-text.blocks.button.settings.button_label.info,Leave blank to hide,sections,image-with-text,8,Shared (excluded — merchant/content/info/preset),no,
sections.image-with-text.blocks.caption.name,Caption,sections,image-with-text,5,Shared (excluded — merchant/content/info/preset),no,
sections.image-with-text.blocks.caption.settings.text.default,Add a tagline,sections,image-with-text,2,Shared (excluded — merchant/content/info/preset),no,
sections.image-with-text.blocks.heading.name,Heading,sections,image-with-text,18,Shared (excluded — merchant/content/info/preset),no,
sections.image-with-text.blocks.heading.settings.heading.default,Image with text,sections,image-with-text,4,Shared (excluded — merchant/content/info/preset),no,
sections.image-with-text.blocks.text.name,Text,sections,image-with-text,20,Shared (excluded — merchant/content/info/preset),no,
sections.image-with-text.blocks.text.settings.text.default,"<p>Pair text with an image to focus on your chosen product, collection, or blog post. Add details on availability, style, or even provide a review.</p>",sections,image-with-text,3,Merge Candidate,no,
sections.image-with-text.name,Image with text,sections,image-with-text,4,Shared (excluded — merchant/content/info/preset),no,
sections.image-with-text.presets.name,Image with text,sections,image-with-text,4,Shared (excluded — merchant/content/info/preset),no,
sections.image-with-text.settings.content_layout.options__1.label,No overlap,sections,image-with-text,1,Section-specific,no,
sections.image-with-text.settings.content_layout.options__2.label,Overlap,sections,image-with-text,1,Section-specific,no,
sections.image-with-text.settings.header.content,Content,sections,image-with-text,13,Shared (excluded — merchant/content/info/preset),no,
sections.image-with-text.settings.header_colors.content,Colors,sections,image-with-text,3,Shared (excluded — merchant/content/info/preset),no,
sections.main-account.name,Account,sections,main-account,1,Section-specific,no,
sections.main-activate-account.name,Account activation,sections,main-activate-account,1,Section-specific,no,
sections.main-addresses.name,Addresses,sections,main-addresses,1,Section-specific,no,
sections.main-article.blocks.content.name,Content,sections,main-article,13,Shared (excluded — merchant/content/info/preset),no,
sections.main-article.blocks.featured_image.name,Featured image,sections,main-article,2,Shared (excluded — merchant/content/info/preset),no,
sections.main-article.blocks.share.name,Share,sections,main-article,6,Shared (excluded — merchant/content/info/preset),no,
sections.main-article.blocks.share.settings.text.default,Share,sections,main-article,6,Shared (excluded — merchant/content/info/preset),no,
sections.main-article.blocks.title.name,Title,sections,main-article,5,Shared (excluded — merchant/content/info/preset),no,
sections.main-article.name,Blog post,sections,main-article,1,Section-specific,no,
sections.main-blog.name,Blog posts,sections,main-blog,4,Shared (excluded — merchant/content/info/preset),no,
sections.main-cart-footer.blocks.buttons.name,Checkout button,sections,main-cart-footer,1,Section-specific,no,
sections.main-cart-footer.blocks.subtotal.name,Subtotal price,sections,main-cart-footer,1,Section-specific,no,
sections.main-cart-footer.name,Subtotal,sections,main-cart-footer,1,Section-specific,no,
sections.main-cart-items.name,Items,sections,main-cart-items,1,Section-specific,no,
sections.main-collection-banner.name,Collection banner,sections,main-collection-banner,1,Section-specific,no,
sections.main-collection-banner.settings.paragraph.content,Collection details are [managed in your admin](https://help.shopify.com/manual/products/collections/collection-layout),sections,main-collection-banner,1,Section-specific,no,
sections.main-collection-product-grid.name,Product grid,sections,main-collection-product-grid,1,Section-specific,no,
sections.main-collection-product-grid.settings.columns_mobile.options__1.label,1,sections,main-collection-product-grid,9,Section-specific (literal),no,
sections.main-collection-product-grid.settings.columns_mobile.options__2.label,2,sections,main-collection-product-grid,9,Section-specific (literal),no,
sections.main-collection-product-grid.settings.enable_filtering.info,Customize filters with the [Search & Discovery app](https://help.shopify.com/manual/online-store/search-and-discovery/filters),sections,main-collection-product-grid,1,Section-specific,no,
sections.main-collection-product-grid.settings.enable_filtering.label,Filters,sections,main-collection-product-grid,1,Section-specific,no,
sections.main-collection-product-grid.settings.enable_sorting.label,Sorting,sections,main-collection-product-grid,1,Section-specific,no,
sections.main-collection-product-grid.settings.filter_type.label,Filter layout,sections,main-collection-product-grid,1,Section-specific,no,
sections.main-collection-product-grid.settings.header__1.content,Filtering and sorting,sections,main-collection-product-grid,1,Section-specific,no,
sections.main-collection-product-grid.settings.header__3.content,Product card,sections,main-collection-product-grid,5,Shared (excluded — merchant/content/info/preset),no,
sections.main-collection-product-grid.settings.quick_add.options.option_1,None,sections,main-collection-product-grid,5,Shared (excluded — merchant/content/info/preset),no,
sections.main-collection-product-grid.settings.quick_add.options.option_2,Standard,sections,main-collection-product-grid,6,Shared (excluded — merchant/content/info/preset),no,
sections.main-collection-product-grid.settings.quick_add.options.option_3,Bulk,sections,main-collection-product-grid,2,Shared (excluded — merchant/content/info/preset),no,
sections.main-collection-product-grid.settings.show_rating.info,An app is required for product ratings. [Learn more](https://help.shopify.com/manual/online-store/themes/theme-structure/page-types/collection-pages#product-grid-show-product-rating),sections,main-collection-product-grid,1,Section-specific,no,
sections.main-list-collections.name,Collections list page,sections,main-list-collections,1,Section-specific,no,
sections.main-list-collections.settings.columns_mobile.options__1.label,1,sections,main-list-collections,9,Section-specific (literal),no,
sections.main-list-collections.settings.columns_mobile.options__2.label,2,sections,main-list-collections,9,Section-specific (literal),no,
sections.main-list-collections.settings.sort.label,Sort collections,sections,main-list-collections,1,Section-specific,no,
sections.main-list-collections.settings.sort.options__1.label,"Alphabetically, A-Z",sections,main-list-collections,1,Section-specific,no,
sections.main-list-collections.settings.sort.options__2.label,"Alphabetically, Z-A",sections,main-list-collections,1,Section-specific,no,
sections.main-list-collections.settings.sort.options__3.label,"Date, new to old",sections,main-list-collections,1,Section-specific,no,
sections.main-list-collections.settings.sort.options__4.label,"Date, old to new",sections,main-list-collections,1,Section-specific,no,
sections.main-list-collections.settings.sort.options__5.label,"Product count, high to low",sections,main-list-collections,1,Section-specific,no,
sections.main-list-collections.settings.sort.options__6.label,"Product count, low to high",sections,main-list-collections,1,Section-specific,no,
sections.main-list-collections.settings.title.default,Collections,sections,main-list-collections,3,Shared (excluded — merchant/content/info/preset),no,
sections.main-login.name,Login,sections,main-login,1,Section-specific,no,
sections.main-login.shop_login_button.enable,Enable Sign in with Shop,sections,main-login,1,Section-specific,no,
sections.main-order.name,Order,sections,main-order,1,Section-specific,no,
sections.main-page.name,Page,sections,main-page,6,Shared (excluded — merchant/content/info/preset),no,
sections.main-password-footer.name,Password footer,sections,main-password-footer,1,Section-specific,no,
sections.main-password-header.name,Password header,sections,main-password-header,1,Section-specific,no,
sections.main-password-header.settings.logo_help.content,Edit your logo in [theme settings](/editor?context=theme&category=logo),sections,main-password-header,2,Merge Candidate,no,
sections.main-product.blocks.buy_buttons.name,Buy buttons,sections,main-product,2,Shared (excluded — merchant/content/info/preset),no,
sections.main-product.blocks.buy_buttons.settings.show_dynamic_checkout.info,Customers will see their preferred payment option. [Learn more](https://help.shopify.com/manual/using-themes/change-the-layout/dynamic-checkout),sections,main-product,2,Merge Candidate,no,
sections.main-product.blocks.buy_buttons.settings.show_gift_card_recipient.info,Customers can add a personal message and schedule the send date. [Learn more](https://help.shopify.com/manual/online-store/themes/customizing-themes/add-gift-card-recipient-fields),sections,main-product,1,Section-specific,no,
sections.main-product.blocks.buy_buttons.settings.show_gift_card_recipient.label, Gift card sending options,sections,main-product,1,Section-specific,no,
sections.main-product.blocks.collapsible_tab.name,Collapsible row,sections,main-product,5,Shared (excluded — merchant/content/info/preset),no,
sections.main-product.blocks.collapsible_tab.settings.heading.default,Collapsible row,sections,main-product,5,Shared (excluded — merchant/content/info/preset),no,
sections.main-product.blocks.complementary_products.name,Complementary products,sections,main-product,2,Shared (excluded — merchant/content/info/preset),no,
sections.main-product.blocks.complementary_products.settings.heading.default,Pairs well with,sections,main-product,1,Section-specific,no,
sections.main-product.blocks.complementary_products.settings.icon.info,Shown when collapsible row is selected,sections,main-product,1,Section-specific,no,
sections.main-product.blocks.complementary_products.settings.image_ratio.options.option_1,Portrait,sections,main-product,3,Shared (excluded — merchant/content/info/preset),no,
sections.main-product.blocks.complementary_products.settings.image_ratio.options.option_2,Square,sections,main-product,3,Shared (excluded — merchant/content/info/preset),no,
sections.main-product.blocks.complementary_products.settings.pagination_style.options.option_1,Dots,sections,main-product,3,Shared (excluded — merchant/content/info/preset),no,
sections.main-product.blocks.complementary_products.settings.pagination_style.options.option_2,Counter,sections,main-product,3,Shared (excluded — merchant/content/info/preset),no,
sections.main-product.blocks.complementary_products.settings.pagination_style.options.option_3,Numbers,sections,main-product,3,Shared (excluded — merchant/content/info/preset),no,
sections.main-product.blocks.complementary_products.settings.paragraph.content,Manage complementary products in the [Search & Discovery app](https://help.shopify.com/manual/online-store/search-and-discovery/product-recommendations),sections,main-product,1,Section-specific,no,
sections.main-product.blocks.complementary_products.settings.product_card.heading,Product card,sections,main-product,5,Shared (excluded — merchant/content/info/preset),no,
sections.main-product.blocks.description.name,Description,sections,main-product,4,Shared (excluded — merchant/content/info/preset),no,
sections.main-product.blocks.icon_with_text.name,Icon with text,sections,main-product,1,Section-specific,no,
sections.main-product.blocks.icon_with_text.settings.heading.info,Leave blank to hide this pairing,sections,main-product,1,Section-specific,no,
sections.main-product.blocks.icon_with_text.settings.heading_1.default,Heading,sections,main-product,18,Shared (excluded — merchant/content/info/preset),no,
sections.main-product.blocks.icon_with_text.settings.heading_2.default,Heading,sections,main-product,18,Shared (excluded — merchant/content/info/preset),no,
sections.main-product.blocks.icon_with_text.settings.heading_3.default,Heading,sections,main-product,18,Shared (excluded — merchant/content/info/preset),no,
sections.main-product.blocks.icon_with_text.settings.pairing_1.info,Choose an icon or add an image for each pairing,sections,main-product,1,Section-specific,no,
sections.main-product.blocks.icon_with_text.settings.pairing_1.label,Pairing 1,sections,main-product,1,Section-specific,no,
sections.main-product.blocks.icon_with_text.settings.pairing_2.label,Pairing 2,sections,main-product,1,Section-specific,no,
sections.main-product.blocks.icon_with_text.settings.pairing_3.label,Pairing 3,sections,main-product,1,Section-specific,no,
sections.main-product.blocks.inventory.name,Inventory status,sections,main-product,2,Shared (excluded — merchant/content/info/preset),no,
sections.main-product.blocks.inventory.settings.inventory_threshold.label,Low inventory threshold,sections,main-product,1,Section-specific,no,
sections.main-product.blocks.inventory.settings.show_inventory_quantity.label,Inventory count,sections,main-product,1,Section-specific,no,
sections.main-product.blocks.popup.name,Pop-up,sections,main-product,1,Section-specific,no,
sections.main-product.blocks.popup.settings.link_label.default,Pop-up link text,sections,main-product,1,Section-specific,no,
sections.main-product.blocks.price.name,Price,sections,main-product,2,Shared (excluded — merchant/content/info/preset),no,
sections.main-product.blocks.quantity_selector.name,Quantity selector,sections,main-product,2,Shared (excluded — merchant/content/info/preset),no,
sections.main-product.blocks.rating.name,Product rating,sections,main-product,3,Shared (excluded — merchant/content/info/preset),no,
sections.main-product.blocks.rating.settings.paragraph.content,An app is required for product ratings. [Learn more](https://help.shopify.com/manual/online-store/themes/theme-structure/page-types/product-pages#product-rating-block),sections,main-product,1,Section-specific,no,
sections.main-product.blocks.share.name,Share,sections,main-product,6,Shared (excluded — merchant/content/info/preset),no,
sections.main-product.blocks.share.settings.text.default,Share,sections,main-product,6,Shared (excluded — merchant/content/info/preset),no,
sections.main-product.blocks.sku.name,SKU,sections,main-product,2,Shared (excluded — merchant/content/info/preset),no,
sections.main-product.blocks.text.name,Text,sections,main-product,20,Shared (excluded — merchant/content/info/preset),no,
sections.main-product.blocks.text.settings.text.default,Text block,sections,main-product,2,Shared (excluded — merchant/content/info/preset),no,
sections.main-product.blocks.title.name,Title,sections,main-product,5,Shared (excluded — merchant/content/info/preset),no,
sections.main-product.blocks.variant_picker.name,Variant picker,sections,main-product,2,Shared (excluded — merchant/content/info/preset),no,
sections.main-product.blocks.variant_picker.settings.swatch_shape.info,Learn more about [swatches](https://help.shopify.com/en/manual/online-store/themes/theme-structure/theme-settings#options-with-swatches) on product options,sections,main-product,2,Merge Candidate,no,
sections.main-product.name,Product information,sections,main-product,1,Section-specific,no,
sections.main-product.settings.constrain_to_viewport.label,Constrain to screen height,sections,main-product,1,Section-specific,no,
sections.main-product.settings.enable_sticky_info.label,Sticky content,sections,main-product,1,Section-specific,no,
sections.main-product.settings.gallery_layout.options__3.label,Thumbnails,sections,main-product,1,Section-specific,no,
sections.main-product.settings.gallery_layout.options__4.label,Thumbnail carousel,sections,main-product,1,Section-specific,no,
sections.main-product.settings.header.content,Media,sections,main-product,8,Shared (excluded — merchant/content/info/preset),no,
sections.main-product.settings.hide_variants.label,Hide other variant media after one is selected,sections,main-product,1,Section-specific,no,
sections.main-product.settings.image_zoom.options__1.label,Open lightbox,sections,main-product,1,Section-specific,no,
sections.main-product.settings.image_zoom.options__2.label,Click and hover,sections,main-product,1,Section-specific,no,
sections.main-product.settings.image_zoom.options__3.label,No zoom,sections,main-product,1,Section-specific,no,
sections.main-product.settings.media_fit.label,Fit,sections,main-product,1,Section-specific,no,
sections.main-product.settings.media_fit.options__1.label,Original,sections,main-product,1,Section-specific,no,
sections.main-product.settings.media_fit.options__2.label,Fill,sections,main-product,1,Section-specific,no,
sections.main-product.settings.mobile_thumbnails.options__2.label,Show thumbnails,sections,main-product,1,Section-specific,no,
sections.main-product.settings.mobile_thumbnails.options__3.label,Hide thumbnails,sections,main-product,1,Section-specific,no,
sections.main-register.name,Registration,sections,main-register,1,Section-specific,no,
sections.main-reset-password.name,Password reset,sections,main-reset-password,1,Section-specific,no,
sections.main-search.name,Search results,sections,main-search,1,Section-specific,no,
sections.main-search.settings.columns_mobile.options__1.label,1,sections,main-search,9,Section-specific (literal),no,
sections.main-search.settings.columns_mobile.options__2.label,2,sections,main-search,9,Section-specific (literal),no,
sections.main-search.settings.header__1.content,Product card,sections,main-search,5,Shared (excluded — merchant/content/info/preset),no,
sections.main-search.settings.header__2.content,Blog card,sections,main-search,1,Section-specific,no,
sections.main-search.settings.show_rating.info,An app is required for product ratings. [Learn more](https://help.shopify.com/en/manual/online-store/themes/theme-structure/page-types/search-page),sections,main-search,1,Section-specific,no,
sections.multicolumn.blocks.column.name,Column,sections,multicolumn,3,Shared (excluded — merchant/content/info/preset),no,
sections.multicolumn.blocks.column.settings.link_label.info,Leave blank to hide,sections,multicolumn,8,Shared (excluded — merchant/content/info/preset),no,
sections.multicolumn.blocks.column.settings.text.default,"<p>Pair text with an image to focus on your chosen product, collection, or blog post. Add details on availability, style, or even provide a review.</p>",sections,multicolumn,3,Merge Candidate,no,
sections.multicolumn.blocks.column.settings.title.default,Column,sections,multicolumn,3,Shared (excluded — merchant/content/info/preset),no,
sections.multicolumn.name,Multicolumn,sections,multicolumn,3,Merge Candidate,no,
sections.multicolumn.presets.name,Multicolumn,sections,multicolumn,3,Merge Candidate,no,
sections.multicolumn.settings.background_style.options__2.label,Show as column background,sections,multicolumn,1,Section-specific,no,
sections.multicolumn.settings.button_label.default,Button label,sections,multicolumn,9,Shared (excluded — merchant/content/info/preset),no,
sections.multicolumn.settings.button_label.info,Leave blank to hide,sections,multicolumn,8,Shared (excluded — merchant/content/info/preset),no,
sections.multicolumn.settings.column_alignment.label,Column alignment,sections,multicolumn,1,Section-specific,no,
sections.multicolumn.settings.columns_mobile.options__1.label,1,sections,multicolumn,9,Section-specific (literal),no,
sections.multicolumn.settings.columns_mobile.options__2.label,2,sections,multicolumn,9,Section-specific (literal),no,
sections.multicolumn.settings.header_button.content,Button,sections,multicolumn,4,Shared (excluded — merchant/content/info/preset),no,
sections.multicolumn.settings.header_image.content,Image,sections,multicolumn,8,Shared (excluded — merchant/content/info/preset),no,
sections.multicolumn.settings.header_layout.content,Layout,sections,multicolumn,11,Shared (excluded — merchant/content/info/preset),no,
sections.multicolumn.settings.header_mobile.content,Mobile layout,sections,multicolumn,8,Shared (excluded — merchant/content/info/preset),no,
sections.multicolumn.settings.image_ratio.label,Ratio,sections,multicolumn,1,Section-specific,no,
sections.multicolumn.settings.image_width.options__1.label,One-third width of column,sections,multicolumn,1,Section-specific,no,
sections.multicolumn.settings.image_width.options__2.label,Half width of column,sections,multicolumn,1,Section-specific,no,
sections.multicolumn.settings.image_width.options__3.label,Full width of column,sections,multicolumn,1,Section-specific,no,
sections.multicolumn.settings.title.default,Multicolumn,sections,multicolumn,3,Merge Candidate,no,
sections.multirow.blocks.row.name,Row,sections,multirow,4,Shared (excluded — merchant/content/info/preset),no,
sections.multirow.blocks.row.settings.button_label.default,Button label,sections,multirow,9,Shared (excluded — merchant/content/info/preset),no,
sections.multirow.blocks.row.settings.button_label.info,Leave blank to hide,sections,multirow,8,Shared (excluded — merchant/content/info/preset),no,
sections.multirow.blocks.row.settings.caption.default,Caption,sections,multirow,5,Shared (excluded — merchant/content/info/preset),no,
sections.multirow.blocks.row.settings.heading.default,Row,sections,multirow,4,Shared (excluded — merchant/content/info/preset),no,
sections.multirow.blocks.row.settings.text.default,"<p>Pair text with an image to focus on your chosen product, collection, or blog post. Add details on availability, style, or even provide a review.</p>",sections,multirow,3,Merge Candidate,no,
sections.multirow.name,Multirow,sections,multirow,2,Merge Candidate,no,
sections.multirow.presets.name,Multirow,sections,multirow,2,Merge Candidate,no,
sections.multirow.settings.header.content,Image,sections,multirow,8,Shared (excluded — merchant/content/info/preset),no,
sections.multirow.settings.header_2.content,Content,sections,multirow,13,Shared (excluded — merchant/content/info/preset),no,
sections.multirow.settings.header_3.content,Colors,sections,multirow,3,Shared (excluded — merchant/content/info/preset),no,
sections.multirow.settings.image_layout.options__1.label,Alternate from left,sections,multirow,1,Section-specific,no,
sections.multirow.settings.image_layout.options__2.label,Alternate from right,sections,multirow,1,Section-specific,no,
sections.multirow.settings.image_layout.options__3.label,Aligned left,sections,multirow,1,Section-specific,no,
sections.multirow.settings.image_layout.options__4.label,Aligned right,sections,multirow,1,Section-specific,no,
sections.nether_bundles.blocks.ai_placeholder.name,AI bundles,sections,nether_bundles,1,Section-specific,no,
sections.nether_bundles.blocks.analytics_placeholder.name,Analytics,sections,nether_bundles,1,Section-specific,no,
sections.nether_bundles.blocks.build_own_placeholder.name,Build your own,sections,nether_bundles,1,Section-specific,no,
sections.nether_bundles.blocks.bundle_product.name,Bundle product,sections,nether_bundles,1,Section-specific,no,
sections.nether_bundles.blocks.bundle_product.settings.quantity.label,Default quantity,sections,nether_bundles,1,Section-specific,no,
sections.nether_bundles.blocks.bundle_product.settings.required.label,Required in pack,sections,nether_bundles,1,Section-specific,no,
sections.nether_bundles.blocks.discount_placeholder.name,Discount engine,sections,nether_bundles,1,Section-specific,no,
sections.nether_bundles.blocks.dyn_merch_placeholder.name,Dynamic merchandising,sections,nether_bundles,1,Section-specific,no,
sections.nether_bundles.blocks.inventory_placeholder.name,Inventory validation,sections,nether_bundles,1,Section-specific,no,
sections.nether_bundles.blocks.loyalty_placeholder.name,Loyalty,sections,nether_bundles,1,Section-specific,no,
sections.nether_bundles.blocks.merchant_content.name,Merchant content,sections,nether_bundles,8,Shared (excluded — merchant/content/info/preset),no,
sections.nether_bundles.blocks.personalize_placeholder.name,Personalization,sections,nether_bundles,2,Shared (excluded — merchant/content/info/preset),no,
sections.nether_bundles.blocks.subscription_placeholder.name,Subscriptions,sections,nether_bundles,1,Section-specific,no,
sections.nether_bundles.name,Nether bundles,sections,nether_bundles,2,Merge Candidate,no,
sections.nether_bundles.presets.name,Nether bundles,sections,nether_bundles,2,Merge Candidate,no,
sections.nether_bundles.settings.cards.content,Cards,sections,nether_bundles,2,Shared (excluded — merchant/content/info/preset),no,
sections.nether_bundles.settings.collection.info,Used for mix & match when no product list or blocks are set.,sections,nether_bundles,1,Section-specific,no,
sections.nether_bundles.settings.content.content,Content,sections,nether_bundles,13,Shared (excluded — merchant/content/info/preset),no,
sections.nether_bundles.settings.empty.content,Empty state,sections,nether_bundles,2,Shared (excluded — merchant/content/info/preset),no,
sections.nether_bundles.settings.framework.content,Bundles framework,sections,nether_bundles,1,Section-specific,no,
sections.nether_bundles.settings.motion.content,Motion,sections,nether_bundles,15,Shared (excluded — merchant/content/info/preset),no,
sections.nether_bundles.settings.nether_add_label.label,Add bundle button label,sections,nether_bundles,1,Section-specific,no,
sections.nether_bundles.settings.nether_allow_optional.label,Allow optional products,sections,nether_bundles,1,Section-specific,no,
sections.nether_bundles.settings.nether_card_badge_label.label,Card badge label,sections,nether_bundles,1,Section-specific,no,
sections.nether_bundles.settings.nether_columns_mobile.options__1.label,1,sections,nether_bundles,9,Section-specific (literal),no,
sections.nether_bundles.settings.nether_columns_mobile.options__2.label,2,sections,nether_bundles,9,Section-specific (literal),no,
sections.nether_bundles.settings.nether_display_discount_percent.info,Presentation only. Real discounts should use Shopify discounts or a future discount engine extension.,sections,nether_bundles,1,Section-specific,no,
sections.nether_bundles.settings.nether_display_discount_percent.label,Display discount percent,sections,nether_bundles,1,Section-specific,no,
sections.nether_bundles.settings.nether_enable_drawer.label,Enable mobile summary drawer,sections,nether_bundles,1,Section-specific,no,
sections.nether_bundles.settings.nether_enable_glass.label,Enable glass,sections,nether_bundles,1,Section-specific,no,
sections.nether_bundles.settings.nether_enable_gradient.label,Enable gradient accent,sections,nether_bundles,1,Section-specific,no,
sections.nether_bundles.settings.nether_gap.label,Gap,sections,nether_bundles,1,Section-specific,no,
sections.nether_bundles.settings.nether_include_current_product.label,Include current / seed product,sections,nether_bundles,1,Section-specific,no,
sections.nether_bundles.settings.nether_layout.options__1.label,Split (grid + summary),sections,nether_bundles,1,Section-specific,no,
sections.nether_bundles.settings.nether_pricing_style.label,Pricing style,sections,nether_bundles,1,Section-specific,no,
sections.nether_bundles.settings.nether_show_bundle_notes.label,Show bundle notes,sections,nether_bundles,1,Section-specific,no,
sections.nether_bundles.settings.nether_show_item_quantity.label,Show item quantity,sections,nether_bundles,1,Section-specific,no,
sections.nether_bundles.settings.nether_show_savings.label,Show savings,sections,nether_bundles,1,Section-specific,no,
sections.nether_bundles.settings.nether_show_savings_badge.label,Show savings badge,sections,nether_bundles,1,Section-specific,no,
sections.nether_bundles.settings.nether_show_secondary_image.label,Show secondary image,sections,nether_bundles,1,Section-specific,no,
sections.nether_bundles.settings.nether_show_summary.label,Show bundle summary,sections,nether_bundles,1,Section-specific,no,
sections.nether_bundles.settings.nether_show_variant_select.label,Show variant selectors,sections,nether_bundles,1,Section-specific,no,
sections.nether_bundles.settings.nether_strategy.info,"FBT and Complete the look use complementary recommendations. Curated, packs, gift sets, and mix & match use product blocks, product lists, or collections. Future strategies are placeholders.",sections,nether_bundles,1,Section-specific,no,
sections.nether_bundles.settings.nether_strategy.options__10.label,AI bundles (future),sections,nether_bundles,1,Section-specific,no,
sections.nether_bundles.settings.nether_strategy.options__11.label,Dynamic merchandising (future),sections,nether_bundles,1,Section-specific,no,
sections.nether_bundles.settings.nether_strategy.options__8.label,Build your own (future),sections,nether_bundles,1,Section-specific,no,
sections.nether_bundles.settings.nether_strategy.options__9.label,Subscription bundles (future),sections,nether_bundles,1,Section-specific,no,
sections.nether_bundles.settings.pack.content,Pack controls,sections,nether_bundles,1,Section-specific,no,
sections.nether_bundles.settings.paragraph.content,Builds product packs and bundles with Shopify Cart AJAX and complementary recommendations. Future engines are extension points only.,sections,nether_bundles,1,Section-specific,no,
sections.nether_bundles.settings.pricing.content,Pricing & summary,sections,nether_bundles,1,Section-specific,no,
sections.nether_bundles.settings.product.info,Used for complete-the-look and FBT when not on a product page.,sections,nether_bundles,1,Section-specific,no,
sections.nether_bundles.settings.product_list.info,Quick curated list. Prefer Bundle product blocks for required/optional control.,sections,nether_bundles,1,Section-specific,no,
sections.nether_bundles.settings.responsive.content,Responsive layouts,sections,nether_bundles,6,Shared (excluded — merchant/content/info/preset),no,
sections.nether_bundles.settings.visual.content,Visual,sections,nether_bundles,9,Shared (excluded — merchant/content/info/preset),no,
sections.nether_cart_drawer.blocks.bundles_placeholder.name,Bundles,sections,nether_cart_drawer,3,Shared (excluded — merchant/content/info/preset),no,
sections.nether_cart_drawer.blocks.payment_methods.name,Payment methods,sections,nether_cart_drawer,5,Shared (excluded — merchant/content/info/preset),no,
sections.nether_cart_drawer.blocks.promotional_notice.name,Promotional notice,sections,nether_cart_drawer,4,Shared (excluded — merchant/content/info/preset),no,
sections.nether_cart_drawer.blocks.trust_badges.name,Trust badges,sections,nether_cart_drawer,7,Shared (excluded — merchant/content/info/preset),no,
sections.nether_cart_drawer.name,Nether cart drawer,sections,nether_cart_drawer,1,Section-specific,no,
sections.nether_cart_drawer.settings.commerce_header.content,Commerce,sections,nether_cart_drawer,3,Shared (excluded — merchant/content/info/preset),no,
sections.nether_cart_drawer.settings.empty_header.content,Empty cart,sections,nether_cart_drawer,2,Shared (excluded — merchant/content/info/preset),no,
sections.nether_cart_drawer.settings.framework_header.content,Nether cart drawer framework,sections,nether_cart_drawer,1,Section-specific,no,
sections.nether_cart_drawer.settings.motion_header.content,Motion,sections,nether_cart_drawer,15,Shared (excluded — merchant/content/info/preset),no,
sections.nether_cart_drawer.settings.nether_drawer_heading.label,Drawer heading,sections,nether_cart_drawer,1,Section-specific,no,
sections.nether_cart_drawer.settings.nether_drawer_style.label,Drawer style,sections,nether_cart_drawer,1,Section-specific,no,
sections.nether_cart_drawer.settings.nether_free_shipping_threshold.info,Whole currency units (e.g. 100 for $100). Compared against cart subtotal.,sections,nether_cart_drawer,2,Merge Candidate,no,
sections.nether_cart_drawer.settings.trust_header.content,Trust and security,sections,nether_cart_drawer,3,Shared (excluded — merchant/content/info/preset),no,
sections.nether_cart_drawer.settings.visual_header.content,Visual,sections,nether_cart_drawer,9,Shared (excluded — merchant/content/info/preset),no,
sections.nether_cart_page.blocks.bundles_placeholder.name,Bundles,sections,nether_cart_page,3,Shared (excluded — merchant/content/info/preset),no,
sections.nether_cart_page.blocks.merchant_content.name,Merchant content,sections,nether_cart_page,8,Shared (excluded — merchant/content/info/preset),no,
sections.nether_cart_page.blocks.payment_methods.name,Payment methods,sections,nether_cart_page,5,Shared (excluded — merchant/content/info/preset),no,
sections.nether_cart_page.blocks.placeholder.settings.text.label,Helper text,sections,nether_cart_page,1,Section-specific,no,
sections.nether_cart_page.blocks.promotional_notice.name,Promotional notice,sections,nether_cart_page,4,Shared (excluded — merchant/content/info/preset),no,
sections.nether_cart_page.blocks.recommendations.name,Recommended products,sections,nether_cart_page,1,Section-specific,no,
sections.nether_cart_page.blocks.recommendations.settings.product.label,Seed product (optional),sections,nether_cart_page,1,Section-specific,no,
sections.nether_cart_page.blocks.trust_badges.name,Trust badges,sections,nether_cart_page,7,Shared (excluded — merchant/content/info/preset),no,
sections.nether_cart_page.name,Nether cart page,sections,nether_cart_page,2,Merge Candidate,no,
sections.nether_cart_page.presets.default.name,Nether cart page,sections,nether_cart_page,2,Merge Candidate,no,
sections.nether_cart_page.settings.commerce_header.content,Commerce,sections,nether_cart_page,3,Shared (excluded — merchant/content/info/preset),no,
sections.nether_cart_page.settings.empty_header.content,Empty cart,sections,nether_cart_page,2,Shared (excluded — merchant/content/info/preset),no,
sections.nether_cart_page.settings.framework_header.content,Nether cart page framework,sections,nether_cart_page,1,Section-specific,no,
sections.nether_cart_page.settings.motion_header.content,Motion,sections,nether_cart_page,15,Shared (excluded — merchant/content/info/preset),no,
sections.nether_cart_page.settings.nether_enable_glass.label,Enable glass summary card,sections,nether_cart_page,1,Section-specific,no,
sections.nether_cart_page.settings.nether_enable_sticky_summary.label,Enable sticky order summary,sections,nether_cart_page,1,Section-specific,no,
sections.nether_cart_page.settings.nether_free_shipping_threshold.info,Whole currency units (e.g. 100 for $100). Compared against cart subtotal.,sections,nether_cart_page,2,Merge Candidate,no,
sections.nether_cart_page.settings.nether_show_continue_shopping.label,Show continue shopping link,sections,nether_cart_page,1,Section-specific,no,
sections.nether_cart_page.settings.responsive_header.content,Responsive,sections,nether_cart_page,6,Shared (excluded — merchant/content/info/preset),no,
sections.nether_cart_page.settings.trust_header.content,Trust and security,sections,nether_cart_page,3,Shared (excluded — merchant/content/info/preset),no,
sections.nether_cart_page.settings.visual_header.content,Visual,sections,nether_cart_page,9,Shared (excluded — merchant/content/info/preset),no,
sections.nether_collection.blocks.buttons.name,Buttons,sections,nether_collection,7,Shared (excluded — merchant/content/info/preset),no,
sections.nether_collection.blocks.category_highlight.name,Category highlight,sections,nether_collection,1,Section-specific,no,
sections.nether_collection.blocks.category_highlight.settings.link_label.default,Explore,sections,nether_collection,1,Section-specific,no,
sections.nether_collection.blocks.collection.name,Collection,sections,nether_collection,6,Shared (excluded — merchant/content/info/preset),no,
sections.nether_collection.blocks.collection.settings.collection_label.label,Collection label,sections,nether_collection,1,Section-specific,no,
sections.nether_collection.blocks.collection.settings.content_header.content,Content,sections,nether_collection,13,Shared (excluded — merchant/content/info/preset),no,
sections.nether_collection.blocks.collection.settings.custom_image.info,Overrides collection featured image when set.,sections,nether_collection,1,Section-specific,no,
sections.nether_collection.blocks.collection.settings.media_header.content,Media,sections,nether_collection,8,Shared (excluded — merchant/content/info/preset),no,
sections.nether_collection.blocks.collection.settings.stats_header.content,Statistics,sections,nether_collection,3,Shared (excluded — merchant/content/info/preset),no,
sections.nether_collection.blocks.eyebrow.name,Eyebrow,sections,nether_collection,6,Shared (excluded — merchant/content/info/preset),no,
sections.nether_collection.blocks.eyebrow.settings.text.default,Shop by category,sections,nether_collection,1,Section-specific,no,
sections.nether_collection.blocks.heading.name,Heading,sections,nether_collection,18,Shared (excluded — merchant/content/info/preset),no,
sections.nether_collection.blocks.heading.settings.heading.default,Explore our collections,sections,nether_collection,1,Section-specific,no,
sections.nether_collection.blocks.subheading.name,Subheading,sections,nether_collection,6,Shared (excluded — merchant/content/info/preset),no,
sections.nether_collection.blocks.text.name,Text,sections,nether_collection,20,Shared (excluded — merchant/content/info/preset),no,
sections.nether_collection.blocks.text.settings.text.default,<p>Curated categories for every style.</p>,sections,nether_collection,1,Section-specific,no,
sections.nether_collection.name,Nether collections,sections,nether_collection,2,Merge Candidate,no,
sections.nether_collection.presets.editorial.name,Nether editorial grid,sections,nether_collection,1,Section-specific,no,
sections.nether_collection.presets.name,Nether collections,sections,nether_collection,2,Merge Candidate,no,
sections.nether_collection.presets.split.name,Nether split layout,sections,nether_collection,1,Section-specific,no,
sections.nether_collection.settings.cta_header.content,Call to action,sections,nether_collection,3,Shared (excluded — merchant/content/info/preset),no,
sections.nether_collection.settings.framework_header.content,Nether collection framework,sections,nether_collection,1,Section-specific,no,
sections.nether_collection.settings.motion_header.content,Motion,sections,nether_collection,15,Shared (excluded — merchant/content/info/preset),no,
sections.nether_collection.settings.nether_aria_label.default,Collection showcase,sections,nether_collection,1,Section-specific,no,
sections.nether_collection.settings.nether_default_cta_label.default,Shop collection,sections,nether_collection,2,Shared (excluded — merchant/content/info/preset),no,
sections.nether_collection.settings.nether_enable_parallax.info,Subtle media parallax on scroll. Respects reduced motion preferences.,sections,nether_collection,5,Merge Candidate,no,
sections.nether_collection.settings.nether_layout.options__3.label,Masonry grid,sections,nether_collection,1,Section-specific,no,
sections.nether_collection.settings.nether_layout.options__5.label,Split collection,sections,nether_collection,1,Section-specific,no,
sections.nether_collection.settings.nether_layout.options__6.label,Card layout,sections,nether_collection,1,Section-specific,no,
sections.nether_collection.settings.nether_layout.options__7.label,Minimal grid,sections,nether_collection,1,Section-specific,no,
sections.nether_collection.settings.nether_show_bundles_note.info,Displays a Bundles Framework extension point. Pair this showcase with a Nether Bundles section.,sections,nether_collection,1,Section-specific,no,
sections.nether_collection.settings.nether_show_collection_description.label,Show collection description,sections,nether_collection,1,Section-specific,no,
sections.nether_collection.settings.nether_show_recommendations_note.info,Displays a Recommendations Framework extension point. Pair this showcase with a Nether Recommendations section.,sections,nether_collection,1,Section-specific,no,
sections.nether_collection.settings.nether_view_all_collection.label,View all collection,sections,nether_collection,1,Section-specific,no,
sections.nether_collection.settings.responsive_header.content,Responsive layouts,sections,nether_collection,6,Shared (excluded — merchant/content/info/preset),no,
sections.nether_collection.settings.visual_header.content,Visual features,sections,nether_collection,5,Shared (excluded — merchant/content/info/preset),no,
sections.nether_collection_page.blocks.collection_description.name,Collection description,sections,nether_collection_page,2,Merge Candidate,no,
sections.nether_collection_page.blocks.collection_info.name,Collection information,sections,nether_collection_page,1,Section-specific,no,
sections.nether_collection_page.blocks.collection_info.settings.show_collection_rules.label,Show smart collection indicator,sections,nether_collection_page,1,Section-specific,no,
sections.nether_collection_page.blocks.compare_placeholder.name,Compare,sections,nether_collection_page,2,Shared (excluded — merchant/content/info/preset),no,
sections.nether_collection_page.blocks.editorial_content.name,Editorial content,sections,nether_collection_page,2,Shared (excluded — merchant/content/info/preset),no,
sections.nether_collection_page.blocks.inf_scroll_placeholder.name,Infinite scroll placeholder,sections,nether_collection_page,1,Section-specific,no,
sections.nether_collection_page.blocks.merch_rules_placeholder.name,Merchandising rules placeholder,sections,nether_collection_page,1,Section-specific,no,
sections.nether_collection_page.blocks.merchant_content.name,Merchant content,sections,nether_collection_page,8,Shared (excluded — merchant/content/info/preset),no,
sections.nether_collection_page.blocks.quick_view_placeholder.name,Quick view placeholder,sections,nether_collection_page,1,Section-specific,no,
sections.nether_collection_page.blocks.recommend_placeholder.name,Recommendations placeholder,sections,nether_collection_page,1,Section-specific,no,
sections.nether_collection_page.blocks.recommend_placeholder.settings.text,Text,sections,nether_collection_page,20,Shared (excluded — merchant/content/info/preset),no,
sections.nether_collection_page.blocks.subcollections.name,Subcollections,sections,nether_collection_page,1,Section-specific,no,
sections.nether_collection_page.blocks.wishlist_placeholder.name,Wishlist,sections,nether_collection_page,2,Shared (excluded — merchant/content/info/preset),no,
sections.nether_collection_page.name,Nether collection page,sections,nether_collection_page,2,Merge Candidate,no,
sections.nether_collection_page.presets.default.name,Nether collection page,sections,nether_collection_page,2,Merge Candidate,no,
sections.nether_collection_page.settings.description_header.content,Collection description,sections,nether_collection_page,2,Merge Candidate,no,
sections.nether_collection_page.settings.framework_header.content,Collection page framework,sections,nether_collection_page,1,Section-specific,no,
sections.nether_collection_page.settings.motion_header.content,Motion,sections,nether_collection_page,15,Shared (excluded — merchant/content/info/preset),no,
sections.nether_collection_page.settings.nether_card_gap.label,Card spacing,sections,nether_collection_page,1,Section-specific,no,
sections.nether_collection_page.settings.nether_card_mode.label,Product card mode,sections,nether_collection_page,1,Section-specific,no,
sections.nether_collection_page.settings.nether_card_mode.options__1.label,Dawn cards,sections,nether_collection_page,1,Section-specific,no,
sections.nether_collection_page.settings.nether_card_mode.options__2.label,Nether premium cards,sections,nether_collection_page,1,Section-specific,no,
sections.nether_collection_page.settings.nether_default_view.label,Default product view,sections,nether_collection_page,1,Section-specific,no,
sections.nether_collection_page.settings.nether_description_placement.label,Description placement,sections,nether_collection_page,1,Section-specific,no,
sections.nether_collection_page.settings.nether_empty_message.label,Empty collection message,sections,nether_collection_page,1,Section-specific,no,
sections.nether_collection_page.settings.nether_enable_compare_cards.info,Adds the compare toggle to Dawn and premium product cards without duplicating card markup.,sections,nether_collection_page,1,Section-specific,no,
sections.nether_collection_page.settings.nether_enable_compare_cards.label,Show compare on product cards,sections,nether_collection_page,1,Section-specific,no,
sections.nether_collection_page.settings.nether_enable_quick_view_cards.info,Adds the Premium Quick View trigger to Dawn product cards. Enable the quick view framework in the header for the modal.,sections,nether_collection_page,1,Section-specific,no,
sections.nether_collection_page.settings.nether_enable_quick_view_cards.label,Show quick view on product cards,sections,nether_collection_page,1,Section-specific,no,
sections.nether_collection_page.settings.nether_enable_sticky_toolbar.label,Enable sticky toolbar,sections,nether_collection_page,1,Section-specific,no,
sections.nether_collection_page.settings.nether_enable_view_toggle.info,List view architecture is future-ready; grid view is active.,sections,nether_collection_page,1,Section-specific,no,
sections.nether_collection_page.settings.nether_enable_view_toggle.label,Show grid/list view toggle,sections,nether_collection_page,1,Section-specific,no,
sections.nether_collection_page.settings.nether_enable_wishlist_cards.info,Adds the wishlist toggle to Dawn and premium product cards without duplicating card markup.,sections,nether_collection_page,1,Section-specific,no,
sections.nether_collection_page.settings.nether_enable_wishlist_cards.label,Show wishlist on product cards,sections,nether_collection_page,1,Section-specific,no,
sections.nether_collection_page.settings.nether_grid_gap.label,Grid spacing,sections,nether_collection_page,1,Section-specific,no,
sections.nether_collection_page.settings.nether_grid_layout.label,Grid layout,sections,nether_collection_page,1,Section-specific,no,
sections.nether_collection_page.settings.nether_show_collection_description.label,Show collection description in footer,sections,nether_collection_page,1,Section-specific,no,
sections.nether_collection_page.settings.nether_toolbar_layout.label,Toolbar layout,sections,nether_collection_page,1,Section-specific,no,
sections.nether_collection_page.settings.premium_cards_header.content,Premium product cards,sections,nether_collection_page,1,Section-specific,no,
sections.nether_collection_page.settings.responsive_header.content,Responsive,sections,nether_collection_page,6,Shared (excluded — merchant/content/info/preset),no,
sections.nether_collection_page.settings.visual_header.content,Visual,sections,nether_collection_page,9,Shared (excluded — merchant/content/info/preset),no,
sections.nether_collection_page_banner.name,Nether collection hero,sections,nether_collection_page_banner,2,Merge Candidate,no,
sections.nether_collection_page_banner.presets.default.name,Nether collection hero,sections,nether_collection_page_banner,2,Merge Candidate,no,
sections.nether_collection_page_banner.settings.framework_header.content,Collection hero framework,sections,nether_collection_page_banner,1,Section-specific,no,
sections.nether_collection_page_banner.settings.motion_header.content,Motion,sections,nether_collection_page_banner,15,Shared (excluded — merchant/content/info/preset),no,
sections.nether_collection_page_banner.settings.visual_header.content,Visual,sections,nether_collection_page_banner,9,Shared (excluded — merchant/content/info/preset),no,
sections.nether_commerce.blocks.announcement.name,Merchant announcement,sections,nether_commerce,1,Section-specific,no,
sections.nether_commerce.blocks.commerce_badges.name,Commerce badges,sections,nether_commerce,1,Section-specific,no,
sections.nether_commerce.blocks.delivery_info.name,Delivery information,sections,nether_commerce,1,Section-specific,no,
sections.nether_commerce.blocks.divider.name,Commerce divider,sections,nether_commerce,1,Section-specific,no,
sections.nether_commerce.blocks.estimated_delivery.name,Estimated delivery,sections,nether_commerce,2,Shared (excluded — merchant/content/info/preset),no,
sections.nether_commerce.blocks.estimated_delivery.settings.visible.info,Hidden by default until a delivery provider is connected.,sections,nether_commerce,1,Section-specific,no,
sections.nether_commerce.blocks.estimated_delivery.settings.visible.label,Show placeholder,sections,nether_commerce,1,Section-specific,no,
sections.nether_commerce.blocks.ext_delivery_provider.name,Delivery provider (future),sections,nether_commerce,1,Section-specific,no,
sections.nether_commerce.blocks.ext_ship_countdown.name,Shipping countdown (future),sections,nether_commerce,1,Section-specific,no,
sections.nether_commerce.blocks.extension_ai_messaging.name,AI messaging (future),sections,nether_commerce,1,Section-specific,no,
sections.nether_commerce.blocks.extension_coming_soon.name,Coming soon (future),sections,nether_commerce,1,Section-specific,no,
sections.nether_commerce.blocks.extension_localization.name,Localization (future),sections,nether_commerce,1,Section-specific,no,
sections.nether_commerce.blocks.extension_preorder.name,Pre-order (future),sections,nether_commerce,1,Section-specific,no,
sections.nether_commerce.blocks.extension_shipping_api.name,Shipping API (future),sections,nether_commerce,1,Section-specific,no,
sections.nether_commerce.blocks.inventory_status.name,Inventory status,sections,nether_commerce,2,Shared (excluded — merchant/content/info/preset),no,
sections.nether_commerce.blocks.inventory_status.settings.inventory_threshold.label,Low stock threshold,sections,nether_commerce,1,Section-specific,no,
sections.nether_commerce.blocks.inventory_status.settings.show_badge.label,Show stock badge,sections,nether_commerce,1,Section-specific,no,
sections.nether_commerce.blocks.inventory_status.settings.show_inventory_quantity.label,Show quantity,sections,nether_commerce,1,Section-specific,no,
sections.nether_commerce.blocks.inventory_status.settings.show_progress.label,Show stock progress,sections,nether_commerce,1,Section-specific,no,
sections.nether_commerce.blocks.money_back.name,Money-back guarantee,sections,nether_commerce,2,Shared (excluded — merchant/content/info/preset),no,
sections.nether_commerce.blocks.payment_methods.name,Payment methods,sections,nether_commerce,5,Shared (excluded — merchant/content/info/preset),no,
sections.nether_commerce.blocks.pickup.name,Pickup availability,sections,nether_commerce,1,Section-specific,no,
sections.nether_commerce.blocks.pickup.settings.paragraph.content,Uses Shopify native pickup availability. Available on product templates.,sections,nether_commerce,1,Section-specific,no,
sections.nether_commerce.blocks.promotional_notice.name,Promotional notice,sections,nether_commerce,4,Shared (excluded — merchant/content/info/preset),no,
sections.nether_commerce.blocks.return_policy.name,Return policy,sections,nether_commerce,1,Section-specific,no,
sections.nether_commerce.blocks.sales_messaging.name,Sales messaging,sections,nether_commerce,1,Section-specific,no,
sections.nether_commerce.blocks.secure_checkout.name,Secure checkout,sections,nether_commerce,1,Section-specific,no,
sections.nether_commerce.blocks.secure_checkout.settings.text.label,Message,sections,nether_commerce,1,Section-specific,no,
sections.nether_commerce.blocks.shipping_progress.name,Shipping progress,sections,nether_commerce,1,Section-specific,no,
sections.nether_commerce.blocks.summary.name,Commerce summary,sections,nether_commerce,1,Section-specific,no,
sections.nether_commerce.blocks.trust.name,Trust and security,sections,nether_commerce,3,Shared (excluded — merchant/content/info/preset),no,
sections.nether_commerce.blocks.warranty.name,Warranty information,sections,nether_commerce,2,Shared (excluded — merchant/content/info/preset),no,
sections.nether_commerce.name,Nether commerce,sections,nether_commerce,2,Merge Candidate,no,
sections.nether_commerce.presets.name,Nether commerce,sections,nether_commerce,2,Merge Candidate,no,
sections.nether_commerce.settings.context.info,Used for unique progress IDs when multiple bars appear on one page.,sections,nether_commerce,1,Section-specific,no,
sections.nether_commerce.settings.context.label,Context key,sections,nether_commerce,1,Section-specific,no,
sections.nether_commerce.settings.inventory_display.label,Inventory display,sections,nether_commerce,1,Section-specific,no,
sections.nether_commerce.settings.inventory_display.options.hidden,Hidden,sections,nether_commerce,1,Section-specific,no,
sections.nether_commerce.settings.inventory_display.options.status,Status only,sections,nether_commerce,1,Section-specific,no,
sections.nether_commerce.settings.inventory_display.options.status_progress,Status + progress,sections,nether_commerce,1,Section-specific,no,
sections.nether_commerce.settings.layout_header.content,Layout,sections,nether_commerce,11,Shared (excluded — merchant/content/info/preset),no,
sections.nether_commerce.settings.motion_header.content,Motion,sections,nether_commerce,15,Shared (excluded — merchant/content/info/preset),no,
sections.nether_commerce.settings.shipping_header.content,Shipping and delivery,sections,nether_commerce,1,Section-specific,no,
sections.nether_commerce.settings.trust_header.content,Trust and badges,sections,nether_commerce,1,Section-specific,no,
sections.nether_commerce.settings.trust_layout.label,Trust layout,sections,nether_commerce,1,Section-specific,no,
sections.nether_commerce.settings.trust_layout.options.grid,Grid,sections,nether_commerce,4,Shared (excluded — merchant/content/info/preset),no,
sections.nether_commerce.settings.trust_layout.options.row,Row,sections,nether_commerce,4,Shared (excluded — merchant/content/info/preset),no,
sections.nether_commerce.settings.trust_layout.options.stack,Stack,sections,nether_commerce,2,Shared (excluded — merchant/content/info/preset),no,
sections.nether_compare_page.blocks.account_placeholder.name,Account storage,sections,nether_compare_page,2,Shared (excluded — merchant/content/info/preset),no,
sections.nether_compare_page.blocks.analytics_placeholder.name,Analytics hooks,sections,nether_compare_page,3,Shared (excluded — merchant/content/info/preset),no,
sections.nether_compare_page.blocks.apps_placeholder.name,App integrations,sections,nether_compare_page,2,Shared (excluded — merchant/content/info/preset),no,
sections.nether_compare_page.blocks.attributes.name,Attributes note,sections,nether_compare_page,1,Section-specific,no,
sections.nether_compare_page.blocks.guest_placeholder.name,Guest storage,sections,nether_compare_page,2,Shared (excluded — merchant/content/info/preset),no,
sections.nether_compare_page.blocks.merchant_content.name,Merchant content,sections,nether_compare_page,8,Shared (excluded — merchant/content/info/preset),no,
sections.nether_compare_page.blocks.notifications_placeholder.name,Notifications,sections,nether_compare_page,2,Shared (excluded — merchant/content/info/preset),no,
sections.nether_compare_page.blocks.recent_cmp_placeholder.name,Recently compared,sections,nether_compare_page,1,Section-specific,no,
sections.nether_compare_page.blocks.recommend_placeholder.name,Recommendations,sections,nether_compare_page,2,Shared (excluded — merchant/content/info/preset),no,
sections.nether_compare_page.blocks.settings.heading,Heading,sections,nether_compare_page,18,Shared (excluded — merchant/content/info/preset),no,
sections.nether_compare_page.blocks.settings.text,Text,sections,nether_compare_page,20,Shared (excluded — merchant/content/info/preset),no,
sections.nether_compare_page.blocks.sharing_placeholder.name,Sharing placeholder,sections,nether_compare_page,2,Shared (excluded — merchant/content/info/preset),no,
sections.nether_compare_page.blocks.sync_placeholder.name,Sync placeholder,sections,nether_compare_page,2,Shared (excluded — merchant/content/info/preset),no,
sections.nether_compare_page.name,Nether compare page,sections,nether_compare_page,2,Merge Candidate,no,
sections.nether_compare_page.presets.name,Nether compare page,sections,nether_compare_page,2,Merge Candidate,no,
sections.nether_compare_page.settings.empty.content,Empty compare,sections,nether_compare_page,1,Section-specific,no,
sections.nether_compare_page.settings.framework.content,Compare page framework,sections,nether_compare_page,1,Section-specific,no,
sections.nether_compare_page.settings.motion.content,Motion,sections,nether_compare_page,15,Shared (excluded — merchant/content/info/preset),no,
sections.nether_compare_page.settings.nether_layout.label,Compare page layout,sections,nether_compare_page,1,Section-specific,no,
sections.nether_compare_page.settings.responsive.content,Responsive,sections,nether_compare_page,6,Shared (excluded — merchant/content/info/preset),no,
sections.nether_compare_page.settings.visual.content,Visual,sections,nether_compare_page,9,Shared (excluded — merchant/content/info/preset),no,
sections.nether_content.blocks.buttons.name,Button group,sections,nether_content,1,Section-specific,no,
sections.nether_content.blocks.buttons.settings.button_label_1.default,Discover more,sections,nether_content,1,Section-specific,no,
sections.nether_content.blocks.content_card.name,Content card,sections,nether_content,1,Section-specific,no,
sections.nether_content.blocks.content_row.name,Content row,sections,nether_content,1,Section-specific,no,
sections.nether_content.blocks.content_row.settings.heading.default,Content row heading,sections,nether_content,1,Section-specific,no,
sections.nether_content.blocks.content_row.settings.timeline_label.label,Timeline label,sections,nether_content,1,Section-specific,no,
sections.nether_content.blocks.divider.name,Divider,sections,nether_content,2,Shared (excluded — merchant/content/info/preset),no,
sections.nether_content.blocks.eyebrow.name,Eyebrow,sections,nether_content,6,Shared (excluded — merchant/content/info/preset),no,
sections.nether_content.blocks.eyebrow.settings.text.default,Our story,sections,nether_content,1,Section-specific,no,
sections.nether_content.blocks.heading.name,Heading,sections,nether_content,18,Shared (excluded — merchant/content/info/preset),no,
sections.nether_content.blocks.heading.settings.heading.default,Crafted for those who notice the details,sections,nether_content,1,Section-specific,no,
sections.nether_content.blocks.html_block.name,Custom HTML,sections,nether_content,5,Shared (excluded — merchant/content/info/preset),no,
sections.nether_content.blocks.icon_list.name,Icon list,sections,nether_content,1,Section-specific,no,
sections.nether_content.blocks.icon_list.settings.item_1_icon.label,Item 1 icon,sections,nether_content,1,Section-specific,no,
sections.nether_content.blocks.icon_list.settings.item_1_label.label,Item 1 label,sections,nether_content,1,Section-specific,no,
sections.nether_content.blocks.icon_list.settings.item_1_text.label,Item 1 text,sections,nether_content,1,Section-specific,no,
sections.nether_content.blocks.icon_list.settings.item_2_icon.label,Item 2 icon,sections,nether_content,1,Section-specific,no,
sections.nether_content.blocks.icon_list.settings.item_2_label.label,Item 2 label,sections,nether_content,1,Section-specific,no,
sections.nether_content.blocks.icon_list.settings.item_2_text.label,Item 2 text,sections,nether_content,1,Section-specific,no,
sections.nether_content.blocks.icon_list.settings.item_3_icon.label,Item 3 icon,sections,nether_content,1,Section-specific,no,
sections.nether_content.blocks.icon_list.settings.item_3_label.label,Item 3 label,sections,nether_content,1,Section-specific,no,
sections.nether_content.blocks.icon_list.settings.item_3_text.label,Item 3 text,sections,nether_content,1,Section-specific,no,
sections.nether_content.blocks.icon_list.settings.item_4_icon.label,Item 4 icon,sections,nether_content,1,Section-specific,no,
sections.nether_content.blocks.icon_list.settings.item_4_label.label,Item 4 label,sections,nether_content,1,Section-specific,no,
sections.nether_content.blocks.icon_list.settings.item_4_text.label,Item 4 text,sections,nether_content,1,Section-specific,no,
sections.nether_content.blocks.icon_list.settings.item_5_icon.label,Item 5 icon,sections,nether_content,1,Section-specific,no,
sections.nether_content.blocks.icon_list.settings.item_5_label.label,Item 5 label,sections,nether_content,1,Section-specific,no,
sections.nether_content.blocks.icon_list.settings.item_5_text.label,Item 5 text,sections,nether_content,1,Section-specific,no,
sections.nether_content.blocks.icon_list.settings.item_6_icon.label,Item 6 icon,sections,nether_content,1,Section-specific,no,
sections.nether_content.blocks.icon_list.settings.item_6_label.label,Item 6 label,sections,nether_content,1,Section-specific,no,
sections.nether_content.blocks.icon_list.settings.item_6_text.label,Item 6 text,sections,nether_content,1,Section-specific,no,
sections.nether_content.blocks.image.name,Image,sections,nether_content,8,Shared (excluded — merchant/content/info/preset),no,
sections.nether_content.blocks.quote.name,Quote,sections,nether_content,3,Shared (excluded — merchant/content/info/preset),no,
sections.nether_content.blocks.quote.settings.quote.default,<p>Quality is remembered long after price is forgotten.</p>,sections,nether_content,1,Section-specific,no,
sections.nether_content.blocks.subheading.name,Subheading,sections,nether_content,6,Shared (excluded — merchant/content/info/preset),no,
sections.nether_content.blocks.text.name,Rich text,sections,nether_content,5,Shared (excluded — merchant/content/info/preset),no,
sections.nether_content.blocks.text.settings.text.default,"<p>Share your brand story, editorial narrative, or product philosophy with premium typography and flexible layouts.</p>",sections,nether_content,1,Section-specific,no,
sections.nether_content.blocks.video.name,Video,sections,nether_content,7,Shared (excluded — merchant/content/info/preset),no,
sections.nether_content.name,Nether content,sections,nether_content,2,Merge Candidate,no,
sections.nether_content.presets.image_with_text.name,Nether image with text,sections,nether_content,1,Section-specific,no,
sections.nether_content.presets.multi_column.name,Nether multi-column,sections,nether_content,1,Section-specific,no,
sections.nether_content.presets.name,Nether content,sections,nether_content,2,Merge Candidate,no,
sections.nether_content.presets.timeline.name,Nether timeline,sections,nether_content,1,Section-specific,no,
sections.nether_content.settings.framework_header.content,Nether content framework,sections,nether_content,1,Section-specific,no,
sections.nether_content.settings.media_header.content,Media,sections,nether_content,8,Shared (excluded — merchant/content/info/preset),no,
sections.nether_content.settings.motion_header.content,Motion,sections,nether_content,15,Shared (excluded — merchant/content/info/preset),no,
sections.nether_content.settings.nether_content_animation_style.options__5.label,Story reveal,sections,nether_content,1,Section-specific,no,
sections.nether_content.settings.nether_content_animation_style.options__6.label,Timeline reveal,sections,nether_content,1,Section-specific,no,
sections.nether_content.settings.nether_content_aria_label.default,Content section,sections,nether_content,1,Section-specific,no,
sections.nether_content.settings.nether_content_enable_parallax.info,Subtle media parallax on scroll. Respects reduced motion preferences.,sections,nether_content,5,Merge Candidate,no,
sections.nether_content.settings.nether_content_image_mobile.info,Optional. Falls back to desktop image when empty.,sections,nether_content,1,Section-specific,no,
sections.nether_content.settings.nether_content_layout.label,Content layout,sections,nether_content,1,Section-specific,no,
sections.nether_content.settings.nether_content_layout.options__1.label,Editorial story,sections,nether_content,1,Section-specific,no,
sections.nether_content.settings.nether_content_layout.options__10.label,Minimal content,sections,nether_content,1,Section-specific,no,
sections.nether_content.settings.nether_content_layout.options__3.label,Split content,sections,nether_content,1,Section-specific,no,
sections.nether_content.settings.nether_content_layout.options__4.label,Alternating story,sections,nether_content,1,Section-specific,no,
sections.nether_content.settings.nether_content_layout.options__5.label,Timeline,sections,nether_content,1,Section-specific,no,
sections.nether_content.settings.nether_content_layout.options__6.label,Multi-column content,sections,nether_content,1,Section-specific,no,
sections.nether_content.settings.nether_content_layout.options__7.label,Feature grid,sections,nether_content,1,Section-specific,no,
sections.nether_content.settings.responsive_header.content,Responsive layouts,sections,nether_content,6,Shared (excluded — merchant/content/info/preset),no,
sections.nether_content.settings.visual_header.content,Visual features,sections,nether_content,5,Shared (excluded — merchant/content/info/preset),no,
sections.nether_footer.blocks.contact.name,Contact details,sections,nether_footer,1,Section-specific,no,
sections.nether_footer.blocks.contact.settings.address.label,Address,sections,nether_footer,1,Section-specific,no,
sections.nether_footer.blocks.contact.settings.email.label,Email address,sections,nether_footer,1,Section-specific,no,
sections.nether_footer.blocks.contact.settings.heading.default,Contact us,sections,nether_footer,1,Section-specific,no,
sections.nether_footer.blocks.contact.settings.hours.label,Store hours,sections,nether_footer,1,Section-specific,no,
sections.nether_footer.blocks.contact.settings.phone.label,Phone number,sections,nether_footer,1,Section-specific,no,
sections.nether_footer.blocks.contact.settings.show_icons.label,Show icons,sections,nether_footer,1,Section-specific,no,
sections.nether_footer.blocks.html_block.name,Custom HTML,sections,nether_footer,5,Shared (excluded — merchant/content/info/preset),no,
sections.nether_footer.blocks.html_block.settings.html_content.info,Reserved for custom markup or future app blocks.,sections,nether_footer,1,Section-specific,no,
sections.nether_footer.blocks.logo.name,Logo,sections,nether_footer,3,Shared (excluded — merchant/content/info/preset),no,
sections.nether_footer.blocks.logo.settings.image.info,Leave blank to use the theme logo from theme settings.,sections,nether_footer,1,Section-specific,no,
sections.nether_footer.blocks.logo.settings.text.label,Supporting text,sections,nether_footer,1,Section-specific,no,
sections.nether_footer.blocks.newsletter.name,Newsletter,sections,nether_footer,1,Section-specific,no,
sections.nether_footer.blocks.newsletter.settings.heading.default,Subscribe to our emails,sections,nether_footer,3,Shared (excluded — merchant/content/info/preset),no,
sections.nether_footer.blocks.payment.name,Payment methods,sections,nether_footer,5,Shared (excluded — merchant/content/info/preset),no,
sections.nether_footer.blocks.social_links.name,Social links,sections,nether_footer,1,Section-specific,no,
sections.nether_footer.blocks.social_links.settings.heading.default,Follow us,sections,nether_footer,1,Section-specific,no,
sections.nether_footer.blocks.trust_badges.name,Trust badges,sections,nether_footer,7,Shared (excluded — merchant/content/info/preset),no,
sections.nether_footer.blocks.trust_badges.settings.badge_1.label,Badge 1,sections,nether_footer,1,Section-specific,no,
sections.nether_footer.blocks.trust_badges.settings.badge_2.label,Badge 2,sections,nether_footer,1,Section-specific,no,
sections.nether_footer.blocks.trust_badges.settings.badge_3.label,Badge 3,sections,nether_footer,1,Section-specific,no,
sections.nether_footer.blocks.trust_badges.settings.badge_4.label,Badge 4,sections,nether_footer,1,Section-specific,no,
sections.nether_footer.blocks.trust_badges.settings.header_badges.content,Trust badges,sections,nether_footer,7,Shared (excluded — merchant/content/info/preset),no,
sections.nether_footer.blocks.trust_badges.settings.heading.default,Shop with confidence,sections,nether_footer,1,Section-specific,no,
sections.nether_footer.blocks.trust_badges.settings.show_app_placeholder.label,Show app block placeholder,sections,nether_footer,1,Section-specific,no,
sections.nether_footer.settings.header_framework.content,Nether footer framework,sections,nether_footer,1,Section-specific,no,
sections.nether_footer.settings.nether_background_style.options__2.label,Subtle gradient,sections,nether_footer,1,Section-specific,no,
sections.nether_footer.settings.nether_background_style.options__4.label,Contrast border,sections,nether_footer,1,Section-specific,no,
sections.nether_footer.settings.nether_bottom_bar_alignment.label,Bottom bar alignment,sections,nether_footer,1,Section-specific,no,
sections.nether_footer.settings.nether_column_gap.label,Column gap,sections,nether_footer,1,Section-specific,no,
sections.nether_footer.settings.nether_column_layout.label,Column layout,sections,nether_footer,1,Section-specific,no,
sections.nether_footer.settings.nether_enable_footer_logo.label,Enable footer logo,sections,nether_footer,1,Section-specific,no,
sections.nether_footer.settings.nether_enable_glass.label,Enable glass effect,sections,nether_footer,1,Section-specific,no,
sections.nether_footer.settings.nether_enable_gradient.label,Enable gradient background,sections,nether_footer,1,Section-specific,no,
sections.nether_footer.settings.nether_heading_level.label,Column heading level,sections,nether_footer,1,Section-specific,no,
sections.nether_footer.settings.nether_heading_level.options__1.label,Heading 2,sections,nether_footer,1,Section-specific,no,
sections.nether_footer.settings.nether_heading_level.options__2.label,Heading 3,sections,nether_footer,1,Section-specific,no,
sections.nether_footer.settings.nether_layout_desktop.options__3.label,Stacked newsletter,sections,nether_footer,1,Section-specific,no,
sections.nether_footer.settings.nether_logo_width.info,Set to 0 to use the theme logo width.,sections,nether_footer,1,Section-specific,no,
sections.nether_footer.settings.nether_logo_width.label,Footer logo width,sections,nether_footer,1,Section-specific,no,
sections.nether_footer.settings.nether_show_divider.label,Show dividers,sections,nether_footer,1,Section-specific,no,
sections.nether_footer.settings.nether_show_powered_by.label,Show powered by Shopify,sections,nether_footer,1,Section-specific,no,
sections.nether_footer.settings.nether_social_in_bottom_bar.label,Show social icons in bottom bar,sections,nether_footer,1,Section-specific,no,
sections.nether_hero.blocks.buttons.name,Buttons,sections,nether_hero,7,Shared (excluded — merchant/content/info/preset),no,
sections.nether_hero.blocks.buttons.settings.button_label_1.default,Shop collection,sections,nether_hero,2,Shared (excluded — merchant/content/info/preset),no,
sections.nether_hero.blocks.buttons.settings.button_label_2.default,Learn more,sections,nether_hero,1,Section-specific,no,
sections.nether_hero.blocks.eyebrow.name,Eyebrow,sections,nether_hero,6,Shared (excluded — merchant/content/info/preset),no,
sections.nether_hero.blocks.eyebrow.settings.text.default,New collection,sections,nether_hero,1,Section-specific,no,
sections.nether_hero.blocks.feature_list.name,Feature list,sections,nether_hero,2,Shared (excluded — merchant/content/info/preset),no,
sections.nether_hero.blocks.feature_list.settings.feature_1_text.default,Premium materials,sections,nether_hero,1,Section-specific,no,
sections.nether_hero.blocks.feature_list.settings.feature_2_text.default,Free shipping over $100,sections,nether_hero,1,Section-specific,no,
sections.nether_hero.blocks.heading.name,Heading,sections,nether_hero,18,Shared (excluded — merchant/content/info/preset),no,
sections.nether_hero.blocks.heading.settings.heading.default,Crafted for modern living,sections,nether_hero,1,Section-specific,no,
sections.nether_hero.blocks.hero_card.name,Hero card,sections,nether_hero,1,Section-specific,no,
sections.nether_hero.blocks.hero_card.settings.heading.default,Featured highlight,sections,nether_hero,1,Section-specific,no,
sections.nether_hero.blocks.hero_card.settings.hover_effects.info,"Comma-separated: lift, shadow, zoom, scale, border, arrow, glow",sections,nether_hero,2,Merge Candidate,no,
sections.nether_hero.blocks.stat.name,Statistics,sections,nether_hero,3,Shared (excluded — merchant/content/info/preset),no,
sections.nether_hero.blocks.stat.settings.stat_1_label.default,Happy customers,sections,nether_hero,1,Section-specific,no,
sections.nether_hero.blocks.stat.settings.stat_1_value.default,10K+,sections,nether_hero,1,Section-specific,no,
sections.nether_hero.blocks.stat.settings.stat_2_label.default,Express delivery,sections,nether_hero,1,Section-specific,no,
sections.nether_hero.blocks.stat.settings.stat_2_value.default,48h,sections,nether_hero,1,Section-specific,no,
sections.nether_hero.blocks.subheading.name,Subheading,sections,nether_hero,6,Shared (excluded — merchant/content/info/preset),no,
sections.nether_hero.blocks.subheading.settings.subheading.default,Premium essentials for every space,sections,nether_hero,1,Section-specific,no,
sections.nether_hero.blocks.text.name,Rich text,sections,nether_hero,5,Shared (excluded — merchant/content/info/preset),no,
sections.nether_hero.blocks.text.settings.text.default,"<p>Discover elevated design, exceptional materials, and timeless style — curated for discerning customers.</p>",sections,nether_hero,1,Section-specific,no,
sections.nether_hero.blocks.trust_badges.name,Trust badges,sections,nether_hero,7,Shared (excluded — merchant/content/info/preset),no,
sections.nether_hero.name,Nether hero,sections,nether_hero,2,Merge Candidate,no,
sections.nether_hero.presets.name,Nether hero,sections,nether_hero,2,Merge Candidate,no,
sections.nether_hero.settings.framework_header.content,Nether hero framework,sections,nether_hero,1,Section-specific,no,
sections.nether_hero.settings.media_header.content,Media,sections,nether_hero,8,Shared (excluded — merchant/content/info/preset),no,
sections.nether_hero.settings.motion_header.content,Motion,sections,nether_hero,15,Shared (excluded — merchant/content/info/preset),no,
sections.nether_hero.settings.nether_aria_label.default,Hero,sections,nether_hero,1,Section-specific,no,
sections.nether_hero.settings.nether_enable_parallax.info,Subtle media parallax on scroll. Respects reduced motion preferences.,sections,nether_hero,5,Merge Candidate,no,
sections.nether_hero.settings.nether_heading_level.options__1.label,H1,sections,nether_hero,1,Section-specific,no,
sections.nether_hero.settings.nether_hero_height.label,Hero height,sections,nether_hero,1,Section-specific,no,
sections.nether_hero.settings.nether_hero_height.options__5.label,Full screen,sections,nether_hero,2,Merge Candidate,no,
sections.nether_hero.settings.nether_hero_layout.options__4.label,Full screen,sections,nether_hero,2,Merge Candidate,no,
sections.nether_hero.settings.nether_image_mobile.info,Optional. Falls back to desktop image when blank.,sections,nether_hero,2,Merge Candidate,no,
sections.nether_hero.settings.nether_scroll_label.default,Scroll,sections,nether_hero,1,Section-specific,no,
sections.nether_hero.settings.nether_scroll_label.label,Scroll indicator label,sections,nether_hero,1,Section-specific,no,
sections.nether_hero.settings.nether_show_scroll_indicator.label,Scroll indicator,sections,nether_hero,1,Section-specific,no,
sections.nether_hero.settings.nether_video_description.info,Used for screen readers and video accessibility.,sections,nether_hero,2,Merge Candidate,no,
sections.nether_hero.settings.responsive_header.content,Responsive layouts,sections,nether_hero,6,Shared (excluded — merchant/content/info/preset),no,
sections.nether_hero.settings.visual_header.content,Visual features,sections,nether_hero,5,Shared (excluded — merchant/content/info/preset),no,
sections.nether_media.blocks.before_after.name,Before / after,sections,nether_media,2,Merge Candidate,no,
sections.nether_media.blocks.before_after.settings.after_image.label,After image,sections,nether_media,1,Section-specific,no,
sections.nether_media.blocks.before_after.settings.after_label.default,After,sections,nether_media,1,Section-specific,no,
sections.nether_media.blocks.before_after.settings.after_label.label,After label,sections,nether_media,1,Section-specific,no,
sections.nether_media.blocks.before_after.settings.before_image.label,Before image,sections,nether_media,1,Section-specific,no,
sections.nether_media.blocks.before_after.settings.before_label.default,Before,sections,nether_media,1,Section-specific,no,
sections.nether_media.blocks.before_after.settings.before_label.label,Before label,sections,nether_media,1,Section-specific,no,
sections.nether_media.blocks.buttons.name,Buttons,sections,nether_media,7,Shared (excluded — merchant/content/info/preset),no,
sections.nether_media.blocks.eyebrow.name,Eyebrow,sections,nether_media,6,Shared (excluded — merchant/content/info/preset),no,
sections.nether_media.blocks.eyebrow.settings.text.default,Gallery,sections,nether_media,1,Section-specific,no,
sections.nether_media.blocks.heading.name,Heading,sections,nether_media,18,Shared (excluded — merchant/content/info/preset),no,
sections.nether_media.blocks.heading.settings.heading.default,Premium media gallery,sections,nether_media,1,Section-specific,no,
sections.nether_media.blocks.media_item.name,Media item,sections,nether_media,1,Section-specific,no,
sections.nether_media.blocks.media_item.settings.ar_url.info,Reserved for future AR viewer integrations.,sections,nether_media,1,Section-specific,no,
sections.nether_media.blocks.media_item.settings.ar_url.label,AR experience URL,sections,nether_media,1,Section-specific,no,
sections.nether_media.blocks.media_item.settings.content_header.content,Content,sections,nether_media,13,Shared (excluded — merchant/content/info/preset),no,
sections.nether_media.blocks.media_item.settings.future_header.content,Future integrations,sections,nether_media,1,Section-specific,no,
sections.nether_media.blocks.media_item.settings.image_ratio.options__1.label,Use section default,sections,nether_media,1,Section-specific,no,
sections.nether_media.blocks.media_item.settings.image_ratio.options__5.label,Landscape,sections,nether_media,2,Merge Candidate,no,
sections.nether_media.blocks.media_item.settings.media_header.content,Media,sections,nether_media,8,Shared (excluded — merchant/content/info/preset),no,
sections.nether_media.blocks.media_item.settings.media_label.label,Floating media label,sections,nether_media,1,Section-specific,no,
sections.nether_media.blocks.subheading.name,Subheading,sections,nether_media,6,Shared (excluded — merchant/content/info/preset),no,
sections.nether_media.blocks.text.name,Text,sections,nether_media,20,Shared (excluded — merchant/content/info/preset),no,
sections.nether_media.blocks.text.settings.text.default,"<p>Curate editorial imagery, video, and lookbook moments for any industry.</p>",sections,nether_media,1,Section-specific,no,
sections.nether_media.name,Nether media,sections,nether_media,2,Merge Candidate,no,
sections.nether_media.presets.before_after.name,Nether before / after,sections,nether_media,1,Section-specific,no,
sections.nether_media.presets.editorial.name,Nether editorial gallery,sections,nether_media,1,Section-specific,no,
sections.nether_media.presets.lookbook.name,Nether lookbook,sections,nether_media,1,Section-specific,no,
sections.nether_media.presets.name,Nether media,sections,nether_media,2,Merge Candidate,no,
sections.nether_media.settings.cta_header.content,Call to action,sections,nether_media,3,Shared (excluded — merchant/content/info/preset),no,
sections.nether_media.settings.framework_header.content,Nether media framework,sections,nether_media,1,Section-specific,no,
sections.nether_media.settings.motion_header.content,Motion,sections,nether_media,15,Shared (excluded — merchant/content/info/preset),no,
sections.nether_media.settings.nether_aria_label.default,Media gallery,sections,nether_media,1,Section-specific,no,
sections.nether_media.settings.nether_default_cta_label.default,View more,sections,nether_media,1,Section-specific,no,
sections.nether_media.settings.nether_default_cta_label.label,Default media CTA label,sections,nether_media,1,Section-specific,no,
sections.nether_media.settings.nether_default_cta_style.label,Default media CTA style,sections,nether_media,1,Section-specific,no,
sections.nether_media.settings.nether_enable_floating_cards.label,Floating media cards,sections,nether_media,1,Section-specific,no,
sections.nether_media.settings.nether_enable_overlay.label,Enable media overlay,sections,nether_media,1,Section-specific,no,
sections.nether_media.settings.nether_enable_parallax.info,Subtle media parallax on scroll. Respects reduced motion preferences.,sections,nether_media,5,Merge Candidate,no,
sections.nether_media.settings.nether_image_ratio.options__4.label,Landscape,sections,nether_media,2,Merge Candidate,no,
sections.nether_media.settings.nether_layout.options__1.label,Editorial gallery,sections,nether_media,1,Section-specific,no,
sections.nether_media.settings.nether_layout.options__10.label,Minimal gallery,sections,nether_media,1,Section-specific,no,
sections.nether_media.settings.nether_layout.options__2.label,Masonry gallery,sections,nether_media,1,Section-specific,no,
sections.nether_media.settings.nether_layout.options__3.label,Grid gallery,sections,nether_media,1,Section-specific,no,
sections.nether_media.settings.nether_layout.options__4.label,Horizontal gallery,sections,nether_media,1,Section-specific,no,
sections.nether_media.settings.nether_layout.options__5.label,Split media,sections,nether_media,1,Section-specific,no,
sections.nether_media.settings.nether_layout.options__6.label,Video showcase,sections,nether_media,1,Section-specific,no,
sections.nether_media.settings.nether_layout.options__7.label,Lookbook,sections,nether_media,1,Section-specific,no,
sections.nether_media.settings.nether_layout.options__9.label,Before / after,sections,nether_media,2,Merge Candidate,no,
sections.nether_media.settings.nether_media_style.label,Media style,sections,nether_media,1,Section-specific,no,
sections.nether_media.settings.responsive_header.content,Responsive layouts,sections,nether_media,6,Shared (excluded — merchant/content/info/preset),no,
sections.nether_media.settings.visual_header.content,Visual features,sections,nether_media,5,Shared (excluded — merchant/content/info/preset),no,
sections.nether_product_page.blocks.bundles_placeholder.name,Bundles,sections,nether_product_page,3,Shared (excluded — merchant/content/info/preset),no,
sections.nether_product_page.blocks.bundles_placeholder.settings.include_current_product.label,Include current product,sections,nether_product_page,1,Section-specific,no,
sections.nether_product_page.blocks.compare_placeholder.name,Compare,sections,nether_product_page,2,Shared (excluded — merchant/content/info/preset),no,
sections.nether_product_page.blocks.delivery_estimate.name,Estimated delivery,sections,nether_product_page,2,Shared (excluded — merchant/content/info/preset),no,
sections.nether_product_page.blocks.merchant_content.name,Merchant content,sections,nether_product_page,8,Shared (excluded — merchant/content/info/preset),no,
sections.nether_product_page.blocks.money_back.name,Money-back guarantee,sections,nether_product_page,2,Shared (excluded — merchant/content/info/preset),no,
sections.nether_product_page.blocks.payment_methods.name,Payment methods,sections,nether_product_page,5,Shared (excluded — merchant/content/info/preset),no,
sections.nether_product_page.blocks.product_badges.name,Product badges,sections,nether_product_page,1,Section-specific,no,
sections.nether_product_page.blocks.product_badges.settings.show_new_badge.label,Show new badge when tagged,sections,nether_product_page,1,Section-specific,no,
sections.nether_product_page.blocks.product_highlights.name,Product highlights,sections,nether_product_page,1,Section-specific,no,
sections.nether_product_page.blocks.promotional_notice.name,Promotional notice,sections,nether_product_page,4,Shared (excluded — merchant/content/info/preset),no,
sections.nether_product_page.blocks.related_products.name,Related products,sections,nether_product_page,3,Shared (excluded — merchant/content/info/preset),no,
sections.nether_product_page.blocks.returns_info.name,Returns information,sections,nether_product_page,1,Section-specific,no,
sections.nether_product_page.blocks.shipping_info.name,Shipping information,sections,nether_product_page,1,Section-specific,no,
sections.nether_product_page.blocks.specifications.name,Specifications,sections,nether_product_page,1,Section-specific,no,
sections.nether_product_page.blocks.specifications.settings.style.label,Presentation style,sections,nether_product_page,1,Section-specific,no,
sections.nether_product_page.blocks.trust_badges.name,Trust badges,sections,nether_product_page,7,Shared (excluded — merchant/content/info/preset),no,
sections.nether_product_page.blocks.trust_badges.settings.heading.label,Group label,sections,nether_product_page,1,Section-specific,no,
sections.nether_product_page.blocks.warranty_info.name,Warranty information,sections,nether_product_page,2,Shared (excluded — merchant/content/info/preset),no,
sections.nether_product_page.blocks.wishlist_placeholder.name,Wishlist,sections,nether_product_page,2,Shared (excluded — merchant/content/info/preset),no,
sections.nether_product_page.name,Nether product page,sections,nether_product_page,2,Merge Candidate,no,
sections.nether_product_page.presets.default.name,Nether product page,sections,nether_product_page,2,Merge Candidate,no,
sections.nether_product_page.settings.framework_header.content,Nether product page framework,sections,nether_product_page,1,Section-specific,no,
sections.nether_product_page.settings.motion_header.content,Motion,sections,nether_product_page,15,Shared (excluded — merchant/content/info/preset),no,
sections.nether_product_page.settings.nether_accordion_style.label,Accordion style,sections,nether_product_page,1,Section-specific,no,
sections.nether_product_page.settings.nether_enable_glass.label,Enable glass buy box,sections,nether_product_page,1,Section-specific,no,
sections.nether_product_page.settings.nether_enable_sticky_summary.info,Keeps the Nether buy box / purchase summary sticky while scrolling on large screens.,sections,nether_product_page,1,Section-specific,no,
sections.nether_product_page.settings.nether_specifications_style.label,Default specifications style,sections,nether_product_page,1,Section-specific,no,
sections.nether_product_page.settings.responsive_header.content,Responsive,sections,nether_product_page,6,Shared (excluded — merchant/content/info/preset),no,
sections.nether_product_page.settings.trust_header.content,Trust and specifications,sections,nether_product_page,1,Section-specific,no,
sections.nether_product_page.settings.visual_header.content,Visual,sections,nether_product_page,9,Shared (excluded — merchant/content/info/preset),no,
sections.nether_recommendations.blocks.ab_testing_placeholder.name,A/B testing,sections,nether_recommendations,1,Section-specific,no,
sections.nether_recommendations.blocks.ai_placeholder.name,AI recommendations,sections,nether_recommendations,1,Section-specific,no,
sections.nether_recommendations.blocks.analytics_placeholder.name,Analytics hooks,sections,nether_recommendations,3,Shared (excluded — merchant/content/info/preset),no,
sections.nether_recommendations.blocks.coll_cards_placeholder.name,Collection cards,sections,nether_recommendations,2,Shared (excluded — merchant/content/info/preset),no,
sections.nether_recommendations.blocks.for_you_placeholder.name,Recommended for you,sections,nether_recommendations,1,Section-specific,no,
sections.nether_recommendations.blocks.freq_bought_placeholder.name,Frequently bought together,sections,nether_recommendations,3,Shared (excluded — merchant/content/info/preset),no,
sections.nether_recommendations.blocks.merchandising_placeholder.name,Merchandising rules,sections,nether_recommendations,1,Section-specific,no,
sections.nether_recommendations.blocks.merchant_content.name,Merchant content,sections,nether_recommendations,8,Shared (excluded — merchant/content/info/preset),no,
sections.nether_recommendations.blocks.personalize_placeholder.name,Personalization,sections,nether_recommendations,2,Shared (excluded — merchant/content/info/preset),no,
sections.nether_recommendations.blocks.recent_buy_placeholder.name,Recently purchased,sections,nether_recommendations,1,Section-specific,no,
sections.nether_recommendations.blocks.recent_view_placeholder.name,Recently viewed,sections,nether_recommendations,1,Section-specific,no,
sections.nether_recommendations.blocks.settings.content,Content,sections,nether_recommendations,13,Shared (excluded — merchant/content/info/preset),no,
sections.nether_recommendations.blocks.settings.heading,Heading,sections,nether_recommendations,18,Shared (excluded — merchant/content/info/preset),no,
sections.nether_recommendations.blocks.settings.page,Page,sections,nether_recommendations,6,Shared (excluded — merchant/content/info/preset),no,
sections.nether_recommendations.blocks.settings.text,Text,sections,nether_recommendations,20,Shared (excluded — merchant/content/info/preset),no,
sections.nether_recommendations.name,Nether recommendations,sections,nether_recommendations,2,Merge Candidate,no,
sections.nether_recommendations.presets.name,Nether recommendations,sections,nether_recommendations,2,Merge Candidate,no,
sections.nether_recommendations.settings.cards.content,Product cards,sections,nether_recommendations,2,Shared (excluded — merchant/content/info/preset),no,
sections.nether_recommendations.settings.collection.info,"Required for collection, trending, new arrivals, and best sellers sources.",sections,nether_recommendations,1,Section-specific,no,
sections.nether_recommendations.settings.content.content,Content,sections,nether_recommendations,13,Shared (excluded — merchant/content/info/preset),no,
sections.nether_recommendations.settings.empty.content,Empty state,sections,nether_recommendations,2,Shared (excluded — merchant/content/info/preset),no,
sections.nether_recommendations.settings.framework.content,Recommendations framework,sections,nether_recommendations,1,Section-specific,no,
sections.nether_recommendations.settings.motion.content,Motion,sections,nether_recommendations,15,Shared (excluded — merchant/content/info/preset),no,
sections.nether_recommendations.settings.nether_card_badge_label.label,Recommendation card label,sections,nether_recommendations,1,Section-specific,no,
sections.nether_recommendations.settings.nether_columns_desktop.label,Columns on desktop,sections,nether_recommendations,1,Section-specific,no,
sections.nether_recommendations.settings.nether_columns_mobile.label,Columns on mobile,sections,nether_recommendations,1,Section-specific,no,
sections.nether_recommendations.settings.nether_columns_mobile.options__1.label,1,sections,nether_recommendations,9,Section-specific (literal),no,
sections.nether_recommendations.settings.nether_columns_mobile.options__2.label,2,sections,nether_recommendations,9,Section-specific (literal),no,
sections.nether_recommendations.settings.nether_columns_tablet.label,Columns on tablet,sections,nether_recommendations,1,Section-specific,no,
sections.nether_recommendations.settings.nether_gap.label,Section spacing,sections,nether_recommendations,1,Section-specific,no,
sections.nether_recommendations.settings.nether_recommendation_source.info,Related and complementary use Shopify Product Recommendations. Collection sources use a selected collection. Future sources are placeholders.,sections,nether_recommendations,1,Section-specific,no,
sections.nether_recommendations.settings.nether_recommendation_source.label,Recommendation source,sections,nether_recommendations,1,Section-specific,no,
sections.nether_recommendations.settings.nether_recommendation_source.options__10.label,Recommended for you (future),sections,nether_recommendations,1,Section-specific,no,
sections.nether_recommendations.settings.nether_recommendation_source.options__4.label,Trending,sections,nether_recommendations,1,Section-specific,no,
sections.nether_recommendations.settings.nether_recommendation_source.options__7.label,Frequently bought together (future),sections,nether_recommendations,1,Section-specific,no,
sections.nether_recommendations.settings.nether_recommendation_source.options__8.label,Recently viewed (future),sections,nether_recommendations,1,Section-specific,no,
sections.nether_recommendations.settings.nether_recommendation_source.options__9.label,Recently purchased (future),sections,nether_recommendations,1,Section-specific,no,
sections.nether_recommendations.settings.nether_show_secondary_image.label,Show secondary image on hover,sections,nether_recommendations,1,Section-specific,no,
sections.nether_recommendations.settings.nether_show_toolbar.label,Show toolbar,sections,nether_recommendations,1,Section-specific,no,
sections.nether_recommendations.settings.nether_show_view_all.label,Show view all,sections,nether_recommendations,1,Section-specific,no,
sections.nether_recommendations.settings.nether_toolbar_label.label,Toolbar label,sections,nether_recommendations,1,Section-specific,no,
sections.nether_recommendations.settings.nether_view_all_label.label,View all label,sections,nether_recommendations,1,Section-specific,no,
sections.nether_recommendations.settings.paragraph.content,Uses Shopify Product Recommendations and Search & Discovery where available. Future engines are extension points only.,sections,nether_recommendations,1,Section-specific,no,
sections.nether_recommendations.settings.product.info,Used for related and complementary sources when not on a product page.,sections,nether_recommendations,1,Section-specific,no,
sections.nether_recommendations.settings.responsive.content,Responsive,sections,nether_recommendations,6,Shared (excluded — merchant/content/info/preset),no,
sections.nether_recommendations.settings.visual.content,Visual,sections,nether_recommendations,9,Shared (excluded — merchant/content/info/preset),no,
sections.nether_wishlist_page.blocks.account_placeholder.name,Account storage,sections,nether_wishlist_page,2,Shared (excluded — merchant/content/info/preset),no,
sections.nether_wishlist_page.blocks.analytics_placeholder.name,Analytics hooks,sections,nether_wishlist_page,3,Shared (excluded — merchant/content/info/preset),no,
sections.nether_wishlist_page.blocks.apps_placeholder.name,App integrations,sections,nether_wishlist_page,2,Shared (excluded — merchant/content/info/preset),no,
sections.nether_wishlist_page.blocks.guest_placeholder.name,Guest storage,sections,nether_wishlist_page,2,Shared (excluded — merchant/content/info/preset),no,
sections.nether_wishlist_page.blocks.merchant_content.name,Merchant content,sections,nether_wishlist_page,8,Shared (excluded — merchant/content/info/preset),no,
sections.nether_wishlist_page.blocks.notifications_placeholder.name,Notifications,sections,nether_wishlist_page,2,Shared (excluded — merchant/content/info/preset),no,
sections.nether_wishlist_page.blocks.recent_wish_placeholder.name,Recently wishlisted,sections,nether_wishlist_page,1,Section-specific,no,
sections.nether_wishlist_page.blocks.recommend_placeholder.name,Recommendations,sections,nether_wishlist_page,2,Shared (excluded — merchant/content/info/preset),no,
sections.nether_wishlist_page.blocks.settings.heading,Heading,sections,nether_wishlist_page,18,Shared (excluded — merchant/content/info/preset),no,
sections.nether_wishlist_page.blocks.settings.text,Text,sections,nether_wishlist_page,20,Shared (excluded — merchant/content/info/preset),no,
sections.nether_wishlist_page.blocks.sharing_placeholder.name,Sharing placeholder,sections,nether_wishlist_page,2,Shared (excluded — merchant/content/info/preset),no,
sections.nether_wishlist_page.blocks.sync_placeholder.name,Sync placeholder,sections,nether_wishlist_page,2,Shared (excluded — merchant/content/info/preset),no,
sections.nether_wishlist_page.name,Nether wishlist page,sections,nether_wishlist_page,2,Merge Candidate,no,
sections.nether_wishlist_page.presets.name,Nether wishlist page,sections,nether_wishlist_page,2,Merge Candidate,no,
sections.nether_wishlist_page.settings.empty.content,Empty wishlist,sections,nether_wishlist_page,1,Section-specific,no,
sections.nether_wishlist_page.settings.framework.content,Wishlist page framework,sections,nether_wishlist_page,1,Section-specific,no,
sections.nether_wishlist_page.settings.motion.content,Motion,sections,nether_wishlist_page,15,Shared (excluded — merchant/content/info/preset),no,
sections.nether_wishlist_page.settings.nether_layout.label,Wishlist page layout,sections,nether_wishlist_page,1,Section-specific,no,
sections.nether_wishlist_page.settings.responsive.content,Responsive,sections,nether_wishlist_page,6,Shared (excluded — merchant/content/info/preset),no,
sections.nether_wishlist_page.settings.visual.content,Visual,sections,nether_wishlist_page,9,Shared (excluded — merchant/content/info/preset),no,
sections.newsletter.blocks.email_form.name,Email form,sections,newsletter,2,Shared (excluded — merchant/content/info/preset),no,
sections.newsletter.blocks.heading.name,Heading,sections,newsletter,18,Shared (excluded — merchant/content/info/preset),no,
sections.newsletter.blocks.heading.settings.heading.default,Subscribe to our emails,sections,newsletter,3,Shared (excluded — merchant/content/info/preset),no,
sections.newsletter.blocks.paragraph.name,Text,sections,newsletter,20,Shared (excluded — merchant/content/info/preset),no,
sections.newsletter.blocks.paragraph.settings.paragraph.default,<p>Be the first to know about new collections and exclusive offers.</p>,sections,newsletter,1,Section-specific,no,
sections.newsletter.name,Email signup,sections,newsletter,4,Shared (excluded — merchant/content/info/preset),no,
sections.newsletter.presets.name,Email signup,sections,newsletter,4,Shared (excluded — merchant/content/info/preset),no,
sections.newsletter.settings.paragraph.content,Signups add [customer profiles](https://help.shopify.com/manual/customers/manage-customers),sections,newsletter,3,Merge Candidate,no,
sections.page.name,Page,sections,page,6,Shared (excluded — merchant/content/info/preset),no,
sections.page.presets.name,Page,sections,page,6,Shared (excluded — merchant/content/info/preset),no,
sections.quick-order-list.name,Quick order list,sections,quick-order-list,2,Merge Candidate,no,
sections.quick-order-list.presets.name,Quick order list,sections,quick-order-list,2,Merge Candidate,no,
sections.quick-order-list.settings.show_image.label,Images,sections,quick-order-list,1,Section-specific,no,
sections.quick-order-list.settings.show_sku.label,SKUs,sections,quick-order-list,1,Section-specific,no,
sections.quick-order-list.settings.variants_per_page.label,Variants per page,sections,quick-order-list,1,Section-specific,no,
sections.related-products.name,Related products,sections,related-products,3,Shared (excluded — merchant/content/info/preset),no,
sections.related-products.settings.columns_mobile.options__1.label,1,sections,related-products,9,Section-specific (literal),no,
sections.related-products.settings.columns_mobile.options__2.label,2,sections,related-products,9,Section-specific (literal),no,
sections.related-products.settings.header__2.content,Product card,sections,related-products,5,Shared (excluded — merchant/content/info/preset),no,
sections.related-products.settings.paragraph__1.content,Related products can be managed in the [Search & Discovery app](https://help.shopify.com/manual/online-store/search-and-discovery/product-recommendations),sections,related-products,1,Section-specific,no,
sections.related-products.settings.paragraph__1.default,You may also like,sections,related-products,1,Section-specific,no,
sections.related-products.settings.show_rating.info,An app is required for product ratings. [Learn more](https://help.shopify.com/manual/online-store/themes/customizing-themes/add-product-recommendations),sections,related-products,1,Section-specific,no,
sections.rich-text.blocks.buttons.name,Buttons,sections,rich-text,7,Shared (excluded — merchant/content/info/preset),no,
sections.rich-text.blocks.buttons.settings.button_label_1.default,Button label,sections,rich-text,9,Shared (excluded — merchant/content/info/preset),no,
sections.rich-text.blocks.buttons.settings.button_label_1.info,Leave blank to hide,sections,rich-text,8,Shared (excluded — merchant/content/info/preset),no,
sections.rich-text.blocks.buttons.settings.button_label_2.info,Leave label blank to hide,sections,rich-text,1,Section-specific,no,
sections.rich-text.blocks.buttons.settings.header_button1.content,Button 1,sections,rich-text,2,Shared (excluded — merchant/content/info/preset),no,
sections.rich-text.blocks.buttons.settings.header_button2.content,Button 2,sections,rich-text,2,Shared (excluded — merchant/content/info/preset),no,
sections.rich-text.blocks.caption.name,Caption,sections,rich-text,5,Shared (excluded — merchant/content/info/preset),no,
sections.rich-text.blocks.caption.settings.text.default,Add a tagline,sections,rich-text,2,Shared (excluded — merchant/content/info/preset),no,
sections.rich-text.blocks.heading.name,Heading,sections,rich-text,18,Shared (excluded — merchant/content/info/preset),no,
sections.rich-text.blocks.heading.settings.heading.default,Talk about your brand,sections,rich-text,1,Section-specific,no,
sections.rich-text.blocks.text.name,Text,sections,rich-text,20,Shared (excluded — merchant/content/info/preset),no,
sections.rich-text.blocks.text.settings.text.default,"<p>Share information about your brand with your customers. Describe a product, make announcements, or welcome customers to your store.</p>",sections,rich-text,1,Section-specific,no,
sections.rich-text.name,Rich text,sections,rich-text,5,Shared (excluded — merchant/content/info/preset),no,
sections.rich-text.presets.name,Rich text,sections,rich-text,5,Shared (excluded — merchant/content/info/preset),no,
sections.slideshow.blocks.slide.name,Slide,sections,slideshow,3,Shared (excluded — merchant/content/info/preset),no,
sections.slideshow.blocks.slide.settings.button_label.default,Button label,sections,slideshow,9,Shared (excluded — merchant/content/info/preset),no,
sections.slideshow.blocks.slide.settings.button_label.info,Leave blank to hide,sections,slideshow,8,Shared (excluded — merchant/content/info/preset),no,
sections.slideshow.blocks.slide.settings.header_button.content,Button,sections,slideshow,4,Shared (excluded — merchant/content/info/preset),no,
sections.slideshow.blocks.slide.settings.header_layout.content,Layout,sections,slideshow,11,Shared (excluded — merchant/content/info/preset),no,
sections.slideshow.blocks.slide.settings.header_text.content,Text,sections,slideshow,20,Shared (excluded — merchant/content/info/preset),no,
sections.slideshow.blocks.slide.settings.heading.default,Image slide,sections,slideshow,1,Section-specific,no,
sections.slideshow.blocks.slide.settings.subheading.default,Tell your brand's story through images,sections,slideshow,1,Section-specific,no,
sections.slideshow.blocks.slide.settings.text_alignment_mobile.label,Mobile content alignment,sections,slideshow,1,Section-specific,no,
sections.slideshow.name,Slideshow,sections,slideshow,2,Merge Candidate,no,
sections.slideshow.presets.name,Slideshow,sections,slideshow,2,Merge Candidate,no,
sections.slideshow.settings.accessibility.content,Accessibility,sections,slideshow,2,Shared (excluded — merchant/content/info/preset),no,
sections.slideshow.settings.accessibility.default,Slideshow about our brand,sections,slideshow,1,Section-specific,no,
sections.slideshow.settings.accessibility.info,Describe the slideshow for those using screen readers,sections,slideshow,1,Section-specific,no,
sections.slideshow.settings.accessibility.label,Slideshow description,sections,slideshow,1,Section-specific,no,
sections.slideshow.settings.auto_rotate.label,Auto rotate slides,sections,slideshow,1,Section-specific,no,
sections.slideshow.settings.change_slides_speed.label,Change slides every,sections,slideshow,1,Section-specific,no,
sections.slideshow.settings.mobile.content,Mobile layout,sections,slideshow,8,Shared (excluded — merchant/content/info/preset),no,
sections.video.name,Video,sections,video,7,Shared (excluded — merchant/content/info/preset),no,
sections.video.presets.name,Video,sections,video,7,Shared (excluded — merchant/content/info/preset),no,
sections.video.settings.description.info,Describe the video for those using screen readers,sections,video,1,Section-specific,no,
sections.video.settings.header__1.content,Shopify-hosted video,sections,video,3,Shared (excluded — merchant/content/info/preset),no,
sections.video.settings.header__2.content,Or embed video from URL,sections,video,1,Section-specific,no,
sections.video.settings.header__3.content,Layout,sections,video,11,Shared (excluded — merchant/content/info/preset),no,
sections.video.settings.heading.default,Video,sections,video,7,Shared (excluded — merchant/content/info/preset),no,
sections.video.settings.paragraph.content,Shows when no Shopify-hosted video is selected,sections,video,1,Section-specific,no,
sections.video.settings.video_url.info,Use a YouTube or Vimeo URL,sections,video,2,Shared (excluded — merchant/content/info/preset),no,
settings_schema.animations.name,Animations,settings_schema,animations,1,Section-specific,no,
settings_schema.animations.settings.animations_hover_elements.info,Affects cards and buttons,settings_schema,animations,1,Section-specific,no,
settings_schema.animations.settings.animations_hover_elements.label,Hover effect,settings_schema,animations,3,Shared (excluded — merchant/content/info/preset),no,
settings_schema.animations.settings.animations_hover_elements.options__1.label,None,settings_schema,animations,5,Shared (excluded — merchant/content/info/preset),no,
settings_schema.animations.settings.animations_hover_elements.options__2.label,Vertical lift,settings_schema,animations,1,Section-specific,no,
settings_schema.animations.settings.animations_hover_elements.options__3.label,3D lift,settings_schema,animations,1,Section-specific,no,
settings_schema.animations.settings.animations_reveal_on_scroll.label,Reveal sections on scroll,settings_schema,animations,1,Section-specific,no,
settings_schema.badges.name,Badges,settings_schema,badges,1,Section-specific,no,
settings_schema.badges.settings.position.label,Position on cards,settings_schema,badges,1,Section-specific,no,
settings_schema.badges.settings.position.options__1.label,Bottom left,settings_schema,badges,3,Shared (excluded — merchant/content/info/preset),no,
settings_schema.badges.settings.position.options__2.label,Bottom right,settings_schema,badges,3,Shared (excluded — merchant/content/info/preset),no,
settings_schema.badges.settings.position.options__3.label,Top left,settings_schema,badges,3,Shared (excluded — merchant/content/info/preset),no,
settings_schema.badges.settings.position.options__4.label,Top right,settings_schema,badges,3,Shared (excluded — merchant/content/info/preset),no,
settings_schema.badges.settings.sale_badge_color_scheme.label,Sale badge color scheme,settings_schema,badges,1,Section-specific,no,
settings_schema.badges.settings.sold_out_badge_color_scheme.label,Sold out badge color scheme,settings_schema,badges,1,Section-specific,no,
settings_schema.blog_cards.name,Blog cards,settings_schema,blog_cards,1,Section-specific,no,
settings_schema.blog_cards.settings.style.label,Style,settings_schema,blog_cards,5,Shared (excluded — merchant/content/info/preset),no,
settings_schema.blog_cards.settings.style.options__1.label,Standard,settings_schema,blog_cards,6,Shared (excluded — merchant/content/info/preset),no,
settings_schema.blog_cards.settings.style.options__2.label,Card,settings_schema,blog_cards,5,Shared (excluded — merchant/content/info/preset),no,
settings_schema.brand_information.name,Brand information,settings_schema,brand_information,2,Shared (excluded — merchant/content/info/preset),no,
settings_schema.brand_information.settings.brand_description.label,Description,settings_schema,brand_information,4,Shared (excluded — merchant/content/info/preset),no,
settings_schema.brand_information.settings.brand_headline.label,Headline,settings_schema,brand_information,1,Section-specific,no,
settings_schema.brand_information.settings.brand_image.label,Image,settings_schema,brand_information,8,Shared (excluded — merchant/content/info/preset),no,
settings_schema.brand_information.settings.brand_image_width.label,Image width,settings_schema,brand_information,1,Section-specific,no,
settings_schema.brand_information.settings.paragraph.content,Displays in the footer's brand information block,settings_schema,brand_information,1,Section-specific,no,
settings_schema.buttons.name,Buttons,settings_schema,buttons,7,Shared (excluded — merchant/content/info/preset),no,
settings_schema.cards.name,Product cards,settings_schema,cards,2,Shared (excluded — merchant/content/info/preset),no,
settings_schema.cards.settings.style.label,Style,settings_schema,cards,5,Shared (excluded — merchant/content/info/preset),no,
settings_schema.cards.settings.style.options__1.label,Standard,settings_schema,cards,6,Shared (excluded — merchant/content/info/preset),no,
settings_schema.cards.settings.style.options__2.label,Card,settings_schema,cards,5,Shared (excluded — merchant/content/info/preset),no,
settings_schema.cart.name,Cart,settings_schema,cart,1,Section-specific,no,
settings_schema.cart.settings.cart_drawer.collection.info,Shown when cart drawer is empty,settings_schema,cart,1,Section-specific,no,
settings_schema.cart.settings.cart_drawer.collection.label,Collection,settings_schema,cart,6,Shared (excluded — merchant/content/info/preset),no,
settings_schema.cart.settings.cart_drawer.header,Cart drawer,settings_schema,cart,1,Section-specific,no,
settings_schema.cart.settings.cart_type.drawer.label,Drawer,settings_schema,cart,2,Shared (excluded — merchant/content/info/preset),no,
settings_schema.cart.settings.cart_type.label,Type,settings_schema,cart,1,Section-specific,no,
settings_schema.cart.settings.cart_type.notification.label,Popup notification,settings_schema,cart,1,Section-specific,no,
settings_schema.cart.settings.cart_type.page.label,Page,settings_schema,cart,6,Shared (excluded — merchant/content/info/preset),no,
settings_schema.cart.settings.show_cart_note.label,Cart note,settings_schema,cart,1,Section-specific,no,
settings_schema.cart.settings.show_vendor.label,Vendor,settings_schema,cart,2,Shared (excluded — merchant/content/info/preset),no,
settings_schema.collection_cards.name,Collection cards,settings_schema,collection_cards,2,Shared (excluded — merchant/content/info/preset),no,
settings_schema.collection_cards.settings.style.label,Style,settings_schema,collection_cards,5,Shared (excluded — merchant/content/info/preset),no,
settings_schema.collection_cards.settings.style.options__1.label,Standard,settings_schema,collection_cards,6,Shared (excluded — merchant/content/info/preset),no,
settings_schema.collection_cards.settings.style.options__2.label,Card,settings_schema,collection_cards,5,Shared (excluded — merchant/content/info/preset),no,
settings_schema.colors.name,Colors,settings_schema,colors,3,Shared (excluded — merchant/content/info/preset),no,
settings_schema.colors.settings.background.label,Background,settings_schema,colors,1,Section-specific,no,
settings_schema.colors.settings.background_gradient.info,Background gradient replaces background where possible.,settings_schema,colors,1,Section-specific,no,
settings_schema.colors.settings.background_gradient.label,Background gradient,settings_schema,colors,1,Section-specific,no,
settings_schema.colors.settings.button_background.label,Solid button background,settings_schema,colors,1,Section-specific,no,
settings_schema.colors.settings.button_label.label,Solid button label,settings_schema,colors,1,Section-specific,no,
settings_schema.colors.settings.secondary_button_label.label,Outline button,settings_schema,colors,2,Shared (excluded — merchant/content/info/preset),no,
settings_schema.colors.settings.shadow.label,Shadow,settings_schema,colors,4,Shared (excluded — merchant/content/info/preset),no,
settings_schema.colors.settings.text.label,Text,settings_schema,colors,20,Shared (excluded — merchant/content/info/preset),no,
settings_schema.content_containers.name,Content containers,settings_schema,content_containers,1,Section-specific,no,
settings_schema.currency_format.name,Currency format,settings_schema,currency_format,1,Section-specific,no,
settings_schema.currency_format.settings.currency_code_enabled.label,Currency codes,settings_schema,currency_format,1,Section-specific,no,
settings_schema.currency_format.settings.paragraph,Cart and checkout prices always show currency codes,settings_schema,currency_format,1,Section-specific,no,
settings_schema.drawers.name,Drawers,settings_schema,drawers,1,Section-specific,no,
settings_schema.global.settings.blur.label,Blur,settings_schema,global,1,Section-specific,no,
settings_schema.global.settings.corner_radius.label,Corner radius,settings_schema,global,1,Section-specific,no,
settings_schema.global.settings.header__border.content,Border,settings_schema,global,1,Section-specific,no,
settings_schema.global.settings.header__shadow.content,Shadow,settings_schema,global,4,Shared (excluded — merchant/content/info/preset),no,
settings_schema.global.settings.horizontal_offset.label,Horizontal offset,settings_schema,global,1,Section-specific,no,
settings_schema.global.settings.image_padding.label,Image padding,settings_schema,global,1,Section-specific,no,
settings_schema.global.settings.opacity.label,Opacity,settings_schema,global,1,Section-specific,no,
settings_schema.global.settings.text_alignment.label,Text alignment,settings_schema,global,1,Section-specific,no,
settings_schema.global.settings.text_alignment.options__1.label,Left,settings_schema,global,3,Shared (excluded — merchant/content/info/preset),no,
settings_schema.global.settings.text_alignment.options__2.label,Center,settings_schema,global,3,Shared (excluded — merchant/content/info/preset),no,
settings_schema.global.settings.text_alignment.options__3.label,Right,settings_schema,global,3,Shared (excluded — merchant/content/info/preset),no,
settings_schema.global.settings.thickness.label,Thickness,settings_schema,global,1,Section-specific,no,
settings_schema.global.settings.vertical_offset.label,Vertical offset,settings_schema,global,1,Section-specific,no,
settings_schema.inputs.name,Inputs,settings_schema,inputs,1,Section-specific,no,
settings_schema.layout.name,Layout,settings_schema,layout,11,Shared (excluded — merchant/content/info/preset),no,
settings_schema.layout.settings.header__grid.content,Grid,settings_schema,layout,4,Shared (excluded — merchant/content/info/preset),no,
settings_schema.layout.settings.page_width.label,Page width,settings_schema,layout,1,Section-specific,no,
settings_schema.layout.settings.paragraph__grid.content,Affects areas with multiple columns or rows,settings_schema,layout,1,Section-specific,no,
settings_schema.layout.settings.spacing_grid_horizontal.label,Horizontal space,settings_schema,layout,1,Section-specific,no,
settings_schema.layout.settings.spacing_grid_vertical.label,Vertical space,settings_schema,layout,1,Section-specific,no,
settings_schema.layout.settings.spacing_sections.label,Space between template sections,settings_schema,layout,1,Section-specific,no,
settings_schema.logo.name,Logo,settings_schema,logo,3,Shared (excluded — merchant/content/info/preset),no,
settings_schema.logo.settings.favicon.info,Displayed at 32 x 32px,settings_schema,logo,1,Section-specific,no,
settings_schema.logo.settings.favicon.label,Favicon,settings_schema,logo,1,Section-specific,no,
settings_schema.logo.settings.logo_image.label,Logo,settings_schema,logo,3,Shared (excluded — merchant/content/info/preset),no,
settings_schema.logo.settings.logo_width.label,Width,settings_schema,logo,2,Shared (excluded — merchant/content/info/preset),no,
settings_schema.media.name,Media,settings_schema,media,8,Shared (excluded — merchant/content/info/preset),no,
settings_schema.nether_motion.name,Nether Motion,settings_schema,nether_motion,1,Section-specific,no,
settings_schema.nether_motion.settings.header_accessibility.content,Accessibility,settings_schema,nether_motion,2,Shared (excluded — merchant/content/info/preset),no,
settings_schema.nether_motion.settings.header_viewport.content,Viewport,settings_schema,nether_motion,1,Section-specific,no,
settings_schema.nether_motion.settings.nether_motion_desktop.label,Enable motion on desktop,settings_schema,nether_motion,1,Section-specific,no,
settings_schema.nether_motion.settings.nether_motion_enabled.info,Master switch for Nether Motion Engine animations,settings_schema,nether_motion,1,Section-specific,no,
settings_schema.nether_motion.settings.nether_motion_enabled.label,Enable motion,settings_schema,nether_motion,1,Section-specific,no,
settings_schema.nether_motion.settings.nether_motion_force_reduced.info,Disable motion for all visitors regardless of system preference,settings_schema,nether_motion,1,Section-specific,no,
settings_schema.nether_motion.settings.nether_motion_force_reduced.label,Force reduced motion,settings_schema,nether_motion,1,Section-specific,no,
settings_schema.nether_motion.settings.nether_motion_intensity.info,Scales movement distance for engine-driven presets,settings_schema,nether_motion,1,Section-specific,no,
settings_schema.nether_motion.settings.nether_motion_intensity.label,Motion intensity,settings_schema,nether_motion,1,Section-specific,no,
settings_schema.nether_motion.settings.nether_motion_mobile.label,Enable motion on mobile,settings_schema,nether_motion,1,Section-specific,no,
settings_schema.nether_motion.settings.nether_motion_respect_reduced.info,Honor the visitor's prefers-reduced-motion system setting,settings_schema,nether_motion,1,Section-specific,no,
settings_schema.nether_motion.settings.nether_motion_respect_reduced.label,Respect reduced motion,settings_schema,nether_motion,1,Section-specific,no,
settings_schema.nether_motion.settings.nether_motion_speed.info,Scales animation duration (higher is faster),settings_schema,nether_motion,1,Section-specific,no,
settings_schema.nether_motion.settings.nether_motion_speed.label,Motion speed,settings_schema,nether_motion,1,Section-specific,no,
settings_schema.nether_motion.settings.nether_motion_style.info,Preferred preset style pack for future motion integrations,settings_schema,nether_motion,1,Section-specific,no,
settings_schema.nether_motion.settings.nether_motion_style.label,Motion style,settings_schema,nether_motion,1,Section-specific,no,
settings_schema.nether_motion.settings.nether_motion_style.options__custom.label,Custom,settings_schema,nether_motion,3,Shared (excluded — merchant/content/info/preset),no,
settings_schema.nether_motion.settings.nether_motion_style.options__editorial.label,Editorial,settings_schema,nether_motion,3,Shared (excluded — merchant/content/info/preset),no,
settings_schema.nether_motion.settings.nether_motion_style.options__luxury.label,Luxury,settings_schema,nether_motion,1,Section-specific,no,
settings_schema.nether_motion.settings.nether_motion_style.options__minimal.label,Minimal,settings_schema,nether_motion,3,Shared (excluded — merchant/content/info/preset),no,
settings_schema.nether_motion.settings.paragraph,Global motion defaults for the Nether Motion Engine. Section-level animation controls can still override entrance style and speed.,settings_schema,nether_motion,1,Section-specific,no,
settings_schema.popups.name,Dropdowns and pop-ups,settings_schema,popups,1,Section-specific,no,
settings_schema.popups.paragraph,"Affects areas like navigation dropdowns, pop-up modals, and cart pop-ups",settings_schema,popups,1,Section-specific,no,
settings_schema.search_input.name,Search behavior,settings_schema,search_input,1,Section-specific,no,
settings_schema.search_input.settings.predictive_search_enabled.label,Search suggestions,settings_schema,search_input,1,Section-specific,no,
settings_schema.search_input.settings.predictive_search_show_price.info,Shown when search suggestions enabled,settings_schema,search_input,2,Merge Candidate,no,
settings_schema.search_input.settings.predictive_search_show_price.label,Product price,settings_schema,search_input,1,Section-specific,no,
settings_schema.search_input.settings.predictive_search_show_vendor.info,Shown when search suggestions enabled,settings_schema,search_input,2,Merge Candidate,no,
settings_schema.search_input.settings.predictive_search_show_vendor.label,Product vendor,settings_schema,search_input,1,Section-specific,no,
settings_schema.typography.name,Typography,settings_schema,typography,2,Shared (excluded — merchant/content/info/preset),no,
settings_schema.typography.settings.body_scale.label,Scale,settings_schema,typography,4,Shared (excluded — merchant/content/info/preset),no,
settings_schema.typography.settings.header__1.content,Headings,settings_schema,typography,1,Section-specific,no,
settings_schema.typography.settings.header__2.content,Body,settings_schema,typography,3,Shared (excluded — merchant/content/info/preset),no,
settings_schema.typography.settings.heading_scale.label,Scale,settings_schema,typography,4,Shared (excluded — merchant/content/info/preset),no,
settings_schema.typography.settings.type_body_font.label,Font,settings_schema,typography,2,Merge Candidate,no,
settings_schema.typography.settings.type_header_font.label,Font,settings_schema,typography,2,Merge Candidate,no,
settings_schema.variant_pills.name,Variant pills,settings_schema,variant_pills,1,Section-specific,no,
settings_schema.variant_pills.paragraph,Variant pills are one way of displaying your [product variants](https://help.shopify.com/manual/online-store/themes/theme-structure/page-types/product-pages#variant-picker-block),settings_schema,variant_pills,1,Section-specific,no,
